family,setting,focus,comparator,parameter,n_common,focus_rmse,comparator_rmse,mse_difference,mse_difference_mcse
binomial_logit,many_small,FEL_mean,FEL_Laplace_EM,beta0,92,0.19477283579460003,0.1710726584555201,0.008670603092431188,0.002409684223955541
binomial_logit,many_small,FEL_mean,FEL_Laplace_EM,beta1,92,0.16554833200060318,0.1376436077215894,0.008460487481567143,0.0023727337020380697
binomial_logit,many_small,FEL_mean,FEL_Laplace_EM,tau2,92,0.33483309049179094,0.15909794127517013,0.08680104357028637,0.01683249025076772
binomial_logit,many_small,FEL_mean,FEL_MSPL,beta0,92,0.19477283579460003,0.17107240704282586,0.008670689112043928,0.0024097173982737486
binomial_logit,many_small,FEL_mean,FEL_MSPL,beta1,92,0.16554833200060318,0.13764331518481393,0.008460568013115906,0.0023727635037676447
binomial_logit,many_small,FEL_mean,FEL_MSPL,tau2,92,0.33483309049179094,0.15910165083688943,0.08679986318926038,0.016832996288178678
binomial_logit,many_small,FEL_mean,FEL_RSPL,beta0,92,0.19477283579460003,0.1714794548490216,0.008531254128152586,0.0023495077222037836
binomial_logit,many_small,FEL_mean,FEL_RSPL,beta1,92,0.16554833200060318,0.13832251169125265,0.008273132987605207,0.002294773152839783
binomial_logit,many_small,FEL_mean,FEL_RSPL,tau2,92,0.33483309049179094,0.1744249021294099,0.08168915200542963,0.015288108511840036
binomial_logit,many_small,FEL_mean,lme4_Laplace,beta0,90,0.19339068495787098,0.19260458782780182,0.00030342977615707467,6.0241059642223616e-05
binomial_logit,many_small,FEL_mean,lme4_Laplace,beta1,90,0.16390811806923855,0.16320882154548963,0.00022875173873196378,5.619658046083665e-05
binomial_logit,many_small,FEL_mean,lme4_Laplace,tau2,90,0.33499289008254535,0.3228184632203104,0.008008476209933443,0.0015005665062093828
binomial_logit,many_small,FEL_mean,lme4_AGQ9,beta0,92,0.19477283579460003,0.1982393868858893,-0.0013623969494230728,0.000290849440438268
binomial_logit,many_small,FEL_mean,lme4_AGQ9,beta1,92,0.16554833200060318,0.16953304976456787,-0.0013352047342935116,0.0003256867970401525
binomial_logit,many_small,FEL_mean,lme4_AGQ9,tau2,92,0.33483309049179094,0.45146523177369613,-0.09170765701219329,0.01173625898369948
binomial_logit,many_small,FEL_mean,glmmML_Laplace,beta0,92,0.19477283579460003,0.19416749243199682,0.00023544244614068607,4.937547680402641e-05
binomial_logit,many_small,FEL_mean,glmmML_Laplace,beta1,92,0.16554833200060318,0.164932130742941,0.00020364247677534964,5.0276165736769636e-05
binomial_logit,many_small,FEL_mean,glmmML_Laplace,tau2,92,0.33483309049179094,0.32398592939740367,0.007146316040784425,0.001361168302930552
binomial_logit,many_small,FEL_mean,glmmML_GHQ20,beta0,92,0.19477283579460003,0.19822925957640786,-0.0013583817887406608,0.0002900842550046075
binomial_logit,many_small,FEL_mean,glmmML_GHQ20,beta1,92,0.16554833200060318,0.16952016143384044,-0.0013308349043733853,0.00032500965446319936
binomial_logit,many_small,FEL_mean,glmmML_GHQ20,tau2,92,0.33483309049179094,0.45139881316438013,-0.09164769003792712,0.011711629743437424
binomial_logit,many_small,FEL_mean,MASS_PQL,beta0,92,0.19477283579460003,0.17107123342179353,0.008671090659016457,0.0024098560058443794
binomial_logit,many_small,FEL_mean,MASS_PQL,beta1,92,0.16554833200060318,0.1376415069917033,0.00846106578123483,0.0023729351409460843
binomial_logit,many_small,FEL_mean,MASS_PQL,tau2,92,0.33483309049179094,0.15907149631454418,0.0868094575485358,0.016837450808507418
binomial_logit,many_small,FEL_full,FEL_Laplace_EM,beta0,53,0.19835284148185534,0.1654607862122651,0.011966577949945137,0.004411135953794749
binomial_logit,many_small,FEL_full,FEL_Laplace_EM,beta1,53,0.1989767665824372,0.15120358066634773,0.01672923083327698,0.005107598882383327
binomial_logit,many_small,FEL_full,FEL_Laplace_EM,tau2,53,0.6576050698317069,0.17913031648037142,0.40035675758600614,0.051552544747090624
binomial_logit,many_small,FEL_full,FEL_MSPL,beta0,53,0.19835284148185534,0.16546068877415776,0.011966610194307335,0.004411172362317348
binomial_logit,many_small,FEL_full,FEL_MSPL,beta1,53,0.1989767665824372,0.15120333428171306,0.01672930534169424,0.0051076438952991484
binomial_logit,many_small,FEL_full,FEL_MSPL,tau2,53,0.6576050698317069,0.17912100052226937,0.4003600950402653,0.05155298115432124
binomial_logit,many_small,FEL_full,FEL_RSPL,beta0,53,0.19835284148185534,0.16572013768131819,0.011880685690810973,0.004329096229111778
binomial_logit,many_small,FEL_full,FEL_RSPL,beta1,53,0.1989767665824372,0.1520120363901241,0.016484094432129302,0.004977708812676327
binomial_logit,many_small,FEL_full,FEL_RSPL,tau2,53,0.6576050698317069,0.2148113287857049,0.38630052089368394,0.04955365735378408
binomial_logit,many_small,FEL_full,lme4_Laplace,beta0,52,0.19808294252200173,0.18746887728123252,0.004092272169088827,0.0011001467978878385
binomial_logit,many_small,FEL_full,lme4_Laplace,beta1,52,0.1960182191143425,0.18276493775914743,0.005020119750653362,0.0013844137029885943
binomial_logit,many_small,FEL_full,lme4_Laplace,tau2,52,0.65698005423234,0.42051506024943447,0.2547898757625429,0.029422456077587977
binomial_logit,many_small,FEL_full,lme4_AGQ9,beta0,53,0.19835284148185534,0.19225768057588452,0.0023808339835071912,0.0006311464126439864
binomial_logit,many_small,FEL_full,lme4_AGQ9,beta1,53,0.1989767665824372,0.19079677232011835,0.0031883453118266257,0.0007928520818921001
binomial_logit,many_small,FEL_full,lme4_AGQ9,tau2,53,0.6576050698317069,0.5869107145177348,0.08798024105264611,0.011200414281288313
binomial_logit,many_small,FEL_full,glmmML_Laplace,beta0,53,0.19835284148185534,0.1882981350043959,0.003887662077792319,0.0010776769106749485
binomial_logit,many_small,FEL_full,glmmML_Laplace,beta1,53,0.1989767665824372,0.18558689442601237,0.005149258256909846,0.001359416275769439
binomial_logit,many_small,FEL_full,glmmML_Laplace,tau2,53,0.6576050698317069,0.4226872344517053,0.25377992969993324,0.028724828773600806
binomial_logit,many_small,FEL_full,glmmML_GHQ20,beta0,53,0.19835284148185534,0.19224266800594456,0.0023866063218822117,0.0006327075110160036
binomial_logit,many_small,FEL_full,glmmML_GHQ20,beta1,53,0.1989767665824372,0.19077159884610445,0.0031979507133027088,0.0007941605208420483
binomial_logit,many_small,FEL_full,glmmML_GHQ20,tau2,53,0.6576050698317069,0.5868169473086097,0.08809029821976859,0.011255874506309186
binomial_logit,many_small,FEL_full,MASS_PQL,beta0,53,0.19835284148185534,0.16546029433567713,0.011966740722277122,0.004411294360438537
binomial_logit,many_small,FEL_full,MASS_PQL,beta1,53,0.1989767665824372,0.15120142463439143,0.016729882828132158,0.005107912984710812
binomial_logit,many_small,FEL_full,MASS_PQL,tau2,53,0.6576050698317069,0.17904320022683679,0.40038796032089696,0.05155963807016261
binomial_logit,rich,FEL_mean,FEL_Laplace_EM,beta0,199,0.16999683979138774,0.16634896631163854,0.001226946946108102,0.00044630616857453263
binomial_logit,rich,FEL_mean,FEL_Laplace_EM,beta1,199,0.10124200784122704,0.09929516965743632,0.0003904134344240174,0.0002620249520418794
binomial_logit,rich,FEL_mean,FEL_Laplace_EM,tau2,199,0.24341740198938783,0.22299505941819356,0.009525235066339557,0.003083754680065046
binomial_logit,rich,FEL_mean,FEL_MSPL,beta0,199,0.16999683979138774,0.1663487796024036,0.0012270090638497057,0.0004462968802165709
binomial_logit,rich,FEL_mean,FEL_MSPL,beta1,199,0.10124200784122704,0.09929519657193499,0.00039040808946386884,0.0002620272920147731
binomial_logit,rich,FEL_mean,FEL_MSPL,tau2,199,0.24341740198938783,0.22299811746179513,0.009523871199758657,0.0030837820680551776
binomial_logit,rich,FEL_mean,FEL_RSPL,beta0,199,0.16999683979138774,0.16650449491141045,0.0011751787133548412,0.0004200310779079881
binomial_logit,rich,FEL_mean,FEL_RSPL,beta1,199,0.10124200784122704,0.09925593535176175,0.00039820344916996925,0.00024540598410464307
binomial_logit,rich,FEL_mean,FEL_RSPL,tau2,199,0.24341740198938783,0.22556095881171076,0.00837428545120496,0.001940393543872336
binomial_logit,rich,FEL_mean,lme4_Laplace,beta0,199,0.16999683979138774,0.1699476540411073,1.6720424982863915e-05,3.9899403780488995e-06
binomial_logit,rich,FEL_mean,lme4_Laplace,beta1,199,0.10124200784122704,0.10122232584535261,3.984902180338357e-06,2.181705126644462e-06
binomial_logit,rich,FEL_mean,lme4_Laplace,tau2,199,0.24341740198938783,0.24267383775533777,0.00036144006035922807,0.0001100729652462194
binomial_logit,rich,FEL_mean,lme4_AGQ9,beta0,199,0.16999683979138774,0.17006594110298018,-2.3498784183572788e-05,7.2448669172082355e-06
binomial_logit,rich,FEL_mean,lme4_AGQ9,beta1,199,0.10124200784122704,0.10120473462362722,7.545841484267622e-06,3.2170923492065254e-06
binomial_logit,rich,FEL_mean,lme4_AGQ9,tau2,199,0.24341740198938783,0.24519762409139648,-0.000869843268802545,0.00041307544473811114
binomial_logit,rich,FEL_mean,glmmML_Laplace,beta0,199,0.16999683979138774,0.16997265602204098,8.221743871687022e-06,2.4558239097707878e-06
binomial_logit,rich,FEL_mean,glmmML_Laplace,beta1,199,0.10124200784122704,0.10124114426760483,1.7485910910289954e-07,9.466120838805858e-07
binomial_logit,rich,FEL_mean,glmmML_Laplace,tau2,199,0.24341740198938783,0.2427727656654425,0.0003134158424153629,9.328833748546197e-05
binomial_logit,rich,FEL_mean,glmmML_GHQ20,beta0,199,0.16999683979138774,0.17006082691071162,-2.175931049626563e-05,7.143844397634417e-06
binomial_logit,rich,FEL_mean,glmmML_GHQ20,beta1,199,0.10124200784122704,0.10121054746718602,6.3692331155613e-06,3.3759922905649787e-06
binomial_logit,rich,FEL_mean,glmmML_GHQ20,tau2,199,0.24341740198938783,0.24516978325742822,-0.0008561910312310975,0.0004090753187575401
binomial_logit,rich,FEL_mean,MASS_PQL,beta0,199,0.16999683979138774,0.16634865887751152,0.0012270492287120645,0.0004463100512029203
binomial_logit,rich,FEL_mean,MASS_PQL,beta1,199,0.10124200784122704,0.09929517435069929,0.00039041250238730865,0.0002620360331227585
binomial_logit,rich,FEL_mean,MASS_PQL,tau2,199,0.24341740198938783,0.2229901050052102,0.009527444661028561,0.0030843918835048493
binomial_logit,rich,FEL_full,FEL_Laplace_EM,beta0,198,0.17054979003119067,0.16674511152718713,0.0012832986614691505,0.0004622777529496109
binomial_logit,rich,FEL_full,FEL_Laplace_EM,beta1,198,0.10139636990512102,0.09940663720744324,0.00039954430904389556,0.00027064149292175865
binomial_logit,rich,FEL_full,FEL_Laplace_EM,tau2,198,0.2440601490712151,0.22128236969817497,0.010599469225423947,0.003556784193295399
binomial_logit,rich,FEL_full,FEL_MSPL,beta0,198,0.17054979003119067,0.16674492575185978,0.0012833606156899913,0.0004622684955012599
binomial_logit,rich,FEL_full,FEL_MSPL,beta1,198,0.10139636990512102,0.09940668873749976,0.0003995340641819699,0.0002706438259314722
binomial_logit,rich,FEL_full,FEL_MSPL,tau2,198,0.2440601490712151,0.22128507884632914,0.010598270244637631,0.0035568112037165614
binomial_logit,rich,FEL_full,FEL_RSPL,beta0,198,0.17054979003119067,0.16690062804420228,0.0012314112381340626,0.00043584592970919426
binomial_logit,rich,FEL_full,FEL_RSPL,beta1,198,0.10139636990512102,0.09936043684125251,0.00040872742065160297,0.0002538907043249229
binomial_logit,rich,FEL_full,FEL_RSPL,tau2,198,0.2440601490712151,0.2239901076757375,0.009393788028075261,0.002395578847967994
binomial_logit,rich,FEL_full,lme4_Laplace,beta0,198,0.17054979003119067,0.1703465322673399,6.928982417535179e-05,1.7643003103183875e-05
binomial_logit,rich,FEL_full,lme4_Laplace,beta1,198,0.10139636990512102,0.10131889612648144,1.5705117647396026e-05,9.581656656065945e-06
binomial_logit,rich,FEL_full,lme4_Laplace,tau2,198,0.2440601490712151,0.24121189000097326,0.0013821804868221089,0.0005721956751873995
binomial_logit,rich,FEL_full,lme4_AGQ9,beta0,198,0.17054979003119067,0.1704649183374103,2.8942495903264536e-05,6.79779092615378e-06
binomial_logit,rich,FEL_full,lme4_AGQ9,beta1,198,0.10139636990512102,0.10129951197926236,1.9632702699414015e-05,8.986990182226365e-06
binomial_logit,rich,FEL_full,lme4_AGQ9,tau2,198,0.2440601490712151,0.24378216030204983,0.00013561468312941802,6.186250883018798e-05
binomial_logit,rich,FEL_full,glmmML_Laplace,beta0,198,0.17054979003119067,0.17037164587078515,6.073316296299592e-05,1.574573979360002e-05
binomial_logit,rich,FEL_full,glmmML_Laplace,beta1,198,0.10139636990512102,0.10133770195078039,1.1893993270934565e-05,8.404634491059173e-06
binomial_logit,rich,FEL_full,glmmML_Laplace,tau2,198,0.2440601490712151,0.24131330674492046,0.001333244352495665,0.0005565980753535867
binomial_logit,rich,FEL_full,glmmML_GHQ20,beta0,198,0.17054979003119067,0.17045981964393672,3.068076663978131e-05,7.209027948778284e-06
binomial_logit,rich,FEL_full,glmmML_GHQ20,beta1,198,0.10139636990512102,0.10130523045980729,1.8474111421465847e-05,9.064007496981705e-06
binomial_logit,rich,FEL_full,glmmML_GHQ20,tau2,198,0.2440601490712151,0.24375279023383223,0.000149933617885125,6.456540605248257e-05
binomial_logit,rich,FEL_full,MASS_PQL,beta0,198,0.17054979003119067,0.1667448044994467,0.0012834010521245204,0.00046228172822758824
binomial_logit,rich,FEL_full,MASS_PQL,beta1,198,0.10139636990512102,0.09940666276491344,0.00039953922787890165,0.0002706526119006287
binomial_logit,rich,FEL_full,MASS_PQL,tau2,198,0.2440601490712151,0.22127702121810972,0.010601836245503957,0.0035574330052576784
binomial_logit,small,FEL_mean,FEL_Laplace_EM,beta0,108,0.2565778046711524,0.23319230181757344,0.011453520222889762,0.0032463298970110853
binomial_logit,small,FEL_mean,FEL_Laplace_EM,beta1,108,0.2826195892142997,0.22869312406743553,0.02757328721193603,0.0056194379164113475
binomial_logit,small,FEL_mean,FEL_Laplace_EM,tau2,108,0.6184281724001024,0.2749739872975591,0.3068427107278126,0.08084975664398271
binomial_logit,small,FEL_mean,FEL_MSPL,beta0,108,0.2565778046711524,0.23319210751047748,0.011453610844689946,0.003246364224899999
binomial_logit,small,FEL_mean,FEL_MSPL,beta1,108,0.2826195892142997,0.22869253780819893,0.027573555358505007,0.0056194781387087
binomial_logit,small,FEL_mean,FEL_MSPL,tau2,108,0.6184281724001024,0.27497252213508144,0.306843516488803,0.0808498120563109
binomial_logit,small,FEL_mean,FEL_RSPL,beta0,108,0.2565778046711524,0.23406597229422432,0.011045290463827434,0.0030866917253932315
binomial_logit,small,FEL_mean,FEL_RSPL,beta1,108,0.2826195892142997,0.23211823221844197,0.02599495847944494,0.005267591587830423
binomial_logit,small,FEL_mean,FEL_RSPL,tau2,108,0.6184281724001024,0.3397976984743199,0.266990928529686,0.07391950605388854
binomial_logit,small,FEL_mean,lme4_Laplace,beta0,108,0.2565778046711524,0.25573416623258355,0.0004322060711933356,9.907055345800147e-05
binomial_logit,small,FEL_mean,lme4_Laplace,beta1,108,0.2826195892142997,0.2811612346043722,0.0008221923634046582,0.00019547896678815232
binomial_logit,small,FEL_mean,lme4_Laplace,tau2,108,0.6184281724001024,0.5903754963866238,0.03391017768437844,0.011106654942022379
binomial_logit,small,FEL_mean,lme4_AGQ9,beta0,108,0.2565778046711524,0.25959582763309863,-0.0015578238746454351,0.0003652874277444302
binomial_logit,small,FEL_mean,lme4_AGQ9,beta1,108,0.2826195892142997,0.28823368166584273,-0.0032048230389868783,0.0006347720378977107
binomial_logit,small,FEL_mean,lme4_AGQ9,tau2,108,0.6184281724001024,0.756320412995677,-0.1895671626958206,0.029567126565937848
binomial_logit,small,FEL_mean,glmmML_Laplace,beta0,108,0.2565778046711524,0.255825310454503,0.00038558038072517286,9.050615518670019e-05
binomial_logit,small,FEL_mean,glmmML_Laplace,beta1,108,0.2826195892142997,0.2812231069631371,0.0007873963176594382,0.00019367499342910348
binomial_logit,small,FEL_mean,glmmML_Laplace,tau2,108,0.6184281724001024,0.5915886808567175,0.032476237100339714,0.010778819083698207
binomial_logit,small,FEL_mean,glmmML_GHQ20,beta0,108,0.2565778046711524,0.2596000397956505,-0.001560010812035295,0.0003646014232092067
binomial_logit,small,FEL_mean,glmmML_GHQ20,beta1,108,0.2826195892142997,0.2882361532024905,-0.003206247805310089,0.0006350940371377928
binomial_logit,small,FEL_mean,glmmML_GHQ20,tau2,108,0.6184281724001024,0.7562584321739971,-0.18947341181614144,0.029521730735379715
binomial_logit,small,FEL_mean,MASS_PQL,beta0,108,0.2565778046711524,0.23319066771449098,0.011454282340737877,0.0032465650311090865
binomial_logit,small,FEL_mean,MASS_PQL,beta1,108,0.2826195892142997,0.22868719320287997,0.02757599987264814,0.005620132102889434
binomial_logit,small,FEL_mean,MASS_PQL,tau2,108,0.6184281724001024,0.2748963075942995,0.3068854244891511,0.08085820448371554
binomial_logit,small,FEL_full,FEL_Laplace_EM,beta0,80,0.27039996035955216,0.23969299210071646,0.01566340810025326,0.00515094962242549
binomial_logit,small,FEL_full,FEL_Laplace_EM,beta1,80,0.28835457377307483,0.21095959214330273,0.03864441069858302,0.009292580692495993
binomial_logit,small,FEL_full,FEL_Laplace_EM,tau2,80,0.9854949495285129,0.31205914656316636,0.8738193845924745,0.1979734185719932
binomial_logit,small,FEL_full,FEL_MSPL,beta0,80,0.27039996035955216,0.23969288461583926,0.015663459626985347,0.005150983030542951
binomial_logit,small,FEL_full,FEL_MSPL,beta1,80,0.28835457377307483,0.2109592192036553,0.03864456804883577,0.009292624870839527
binomial_logit,small,FEL_full,FEL_MSPL,tau2,80,0.9854949495285129,0.3120539651459703,0.8738226183828839,0.19797337840953141
binomial_logit,small,FEL_full,FEL_RSPL,beta0,80,0.27039996035955216,0.24040115823651068,0.015323421680991546,0.004961384340170282
binomial_logit,small,FEL_full,FEL_RSPL,beta1,80,0.28835457377307483,0.21467049538300495,0.03706493862786692,0.008828607516845029
binomial_logit,small,FEL_full,FEL_RSPL,tau2,80,0.9854949495285129,0.3924312918685299,0.817197976708603,0.18916419678935376
binomial_logit,small,FEL_full,lme4_Laplace,beta0,80,0.27039996035955216,0.2612163177370062,0.004882173910366798,0.0012629815980303417
binomial_logit,small,FEL_full,lme4_Laplace,beta1,80,0.28835457377307483,0.26903887302994317,0.010766445014629783,0.0024388229419972382
binomial_logit,small,FEL_full,lme4_Laplace,tau2,80,0.9854949495285129,0.6832717208447477,0.5043400510400634,0.10601950975511144
binomial_logit,small,FEL_full,lme4_AGQ9,beta0,80,0.27039996035955216,0.2648139618201498,0.002989704187563625,0.0007549932046301681
binomial_logit,small,FEL_full,lme4_AGQ9,beta1,80,0.28835457377307483,0.27636595180833634,0.006770220896923967,0.0014940376771228002
binomial_logit,small,FEL_full,lme4_AGQ9,tau2,80,0.9854949495285129,0.872877748443303,0.20928473181875606,0.05508511818291624
binomial_logit,small,FEL_full,glmmML_Laplace,beta0,80,0.27039996035955216,0.26130348101629014,0.004836629371216675,0.0012533173997407413
binomial_logit,small,FEL_full,glmmML_Laplace,beta1,80,0.28835457377307483,0.26908086549268706,0.010743848041558101,0.0024339799087003213
binomial_logit,small,FEL_full,glmmML_Laplace,tau2,80,0.9854949495285129,0.684682192810678,0.5024105903941678,0.10565119073693077
binomial_logit,small,FEL_full,glmmML_GHQ20,beta0,80,0.27039996035955216,0.26482193902141343,0.00298547917538618,0.0007558040041651259
binomial_logit,small,FEL_full,glmmML_GHQ20,beta1,80,0.28835457377307483,0.27637006498092287,0.006767947398292116,0.001493459123303935
binomial_logit,small,FEL_full,glmmML_GHQ20,tau2,80,0.9854949495285129,0.8728071688026008,0.20940794163299462,0.055145342140868664
binomial_logit,small,FEL_full,MASS_PQL,beta0,80,0.27039996035955216,0.2396918649238045,0.015663948451796042,0.005151205770742748
binomial_logit,small,FEL_full,MASS_PQL,beta1,80,0.28835457377307483,0.21095363077725648,0.03864692587774462,0.009293461228405896
binomial_logit,small,FEL_full,MASS_PQL,tau2,80,0.9854949495285129,0.3119558134379393,0.8738838660084799,0.19798407515761715
binomial_logit,unbalanced,FEL_mean,FEL_Laplace_EM,beta0,196,0.19767105947517793,0.1885208981500954,0.0035337187147206884,0.0007579681259687419
binomial_logit,unbalanced,FEL_mean,FEL_Laplace_EM,beta1,196,0.11666245319467357,0.11462823154722557,0.00047049651775504065,0.00032828542027674547
binomial_logit,unbalanced,FEL_mean,FEL_Laplace_EM,tau2,196,0.25902680769557856,0.22686045449699418,0.015629221290379462,0.004363873265919585
binomial_logit,unbalanced,FEL_mean,FEL_MSPL,beta0,196,0.19767105947517793,0.18852098117740157,0.003533687409949129,0.0007579710858362023
binomial_logit,unbalanced,FEL_mean,FEL_MSPL,beta1,196,0.11666245319467357,0.11462824372997714,0.00047049372478035595,0.00032828959390753107
binomial_logit,unbalanced,FEL_mean,FEL_MSPL,tau2,196,0.25902680769557856,0.22686567829699864,0.015626851115804946,0.0043639384567142345
binomial_logit,unbalanced,FEL_mean,FEL_RSPL,beta0,196,0.19767105947517793,0.18857397692115724,0.003513702982178191,0.0007131929100512866
binomial_logit,unbalanced,FEL_mean,FEL_RSPL,beta1,196,0.11666245319467357,0.11467888404816533,0.0004588815388668511,0.0003057223912859574
binomial_logit,unbalanced,FEL_mean,FEL_RSPL,tau2,196,0.25902680769557856,0.229503292905989,0.01442312565027004,0.002950993878413541
binomial_logit,unbalanced,FEL_mean,lme4_Laplace,beta0,196,0.19767105947517793,0.19753285090633851,5.462056685357232e-05,1.1344818862020571e-05
binomial_logit,unbalanced,FEL_mean,lme4_Laplace,beta1,196,0.11666245319467357,0.11663179002237235,7.153541576644615e-06,3.655916046374611e-06
binomial_logit,unbalanced,FEL_mean,lme4_Laplace,tau2,196,0.25902680769557856,0.2573019656828908,0.0008905855606826931,0.0002215371034946139
binomial_logit,unbalanced,FEL_mean,lme4_AGQ9,beta0,196,0.19767105947517793,0.19760555690724554,2.5891633416681448e-05,3.251336470722096e-05
binomial_logit,unbalanced,FEL_mean,lme4_AGQ9,beta1,196,0.11666245319467357,0.11669040132877932,-6.5217768721831894e-06,6.518523523789483e-06
binomial_logit,unbalanced,FEL_mean,lme4_AGQ9,tau2,196,0.25902680769557856,0.2674914579891848,-0.004456792992217581,0.0012023701889641819
binomial_logit,unbalanced,FEL_mean,glmmML_Laplace,beta0,196,0.19767105947517793,0.19762049720572136,1.9986838202814393e-05,6.342231441244508e-06
binomial_logit,unbalanced,FEL_mean,glmmML_Laplace,beta1,196,0.11666245319467357,0.116649222061265,3.086977901085736e-06,2.2543020202355364e-06
binomial_logit,unbalanced,FEL_mean,glmmML_Laplace,tau2,196,0.25902680769557856,0.25758142285223395,0.0007466977063808632,0.00019236383823768562
binomial_logit,unbalanced,FEL_mean,glmmML_GHQ20,beta0,196,0.19767105947517793,0.19760487656117914,2.616051328048719e-05,3.2687227222071895e-05
binomial_logit,unbalanced,FEL_mean,glmmML_GHQ20,beta1,196,0.11666245319467357,0.1166905938940572,-6.566717948379439e-06,6.658959625278359e-06
binomial_logit,unbalanced,FEL_mean,glmmML_GHQ20,tau2,196,0.25902680769557856,0.267495037639858,-0.004458708056986823,0.0012030812145535127
binomial_logit,unbalanced,FEL_mean,MASS_PQL,beta0,196,0.19767105947517793,0.18852008442032742,0.0035340255241919564,0.0007580508711944914
binomial_logit,unbalanced,FEL_mean,MASS_PQL,beta1,196,0.11666245319467357,0.11462819229572056,0.0004705055164147105,0.000328306447887884
binomial_logit,unbalanced,FEL_mean,MASS_PQL,tau2,196,0.25902680769557856,0.2268411050369113,0.0156380001705952,0.00436632590026428
binomial_logit,unbalanced,FEL_full,FEL_Laplace_EM,beta0,195,0.19726768446844592,0.18769609590121245,0.0036847149189851956,0.0008135373650307529
binomial_logit,unbalanced,FEL_full,FEL_Laplace_EM,beta1,195,0.11713217477217507,0.11489258407328946,0.0005196404918214779,0.00034858736407986616
binomial_logit,unbalanced,FEL_full,FEL_Laplace_EM,tau2,195,0.2699751447441369,0.22547916104834687,0.02204572671255134,0.006010547696733651
binomial_logit,unbalanced,FEL_full,FEL_MSPL,beta0,195,0.19726768446844592,0.1876962783418458,0.003684646432162685,0.0008135398344954235
binomial_logit,unbalanced,FEL_full,FEL_MSPL,beta1,195,0.11713217477217507,0.11489259465456943,0.0005196380604001723,0.0003485915987846526
binomial_logit,unbalanced,FEL_full,FEL_MSPL,tau2,195,0.2699751447441369,0.22548408046992588,0.02204350823424967,0.00601061448060475
binomial_logit,unbalanced,FEL_full,FEL_RSPL,beta0,195,0.19726768446844592,0.18769644532790786,0.003684583746810037,0.0007657828803559531
binomial_logit,unbalanced,FEL_full,FEL_RSPL,beta1,195,0.11713217477217507,0.11494432478422277,0.0005077485667584753,0.0003256784495882269
binomial_logit,unbalanced,FEL_full,FEL_RSPL,tau2,195,0.2699751447441369,0.228348831155765,0.020743390089413612,0.0045585577360429735
binomial_logit,unbalanced,FEL_full,lme4_Laplace,beta0,195,0.19726768446844592,0.19668442610923068,0.00022977586162491417,7.249728946178574e-05
binomial_logit,unbalanced,FEL_full,lme4_Laplace,beta1,195,0.11713217477217507,0.11691095992357382,5.1773816607881e-05,2.2952431357129642e-05
binomial_logit,unbalanced,FEL_full,lme4_Laplace,tau2,195,0.2699751447441369,0.2562661510074234,0.007214238627458158,0.0018512915088031762
binomial_logit,unbalanced,FEL_full,lme4_AGQ9,beta0,195,0.19726768446844592,0.19674731081909644,0.00020503502099619098,4.3152795824542885e-05
binomial_logit,unbalanced,FEL_full,lme4_AGQ9,beta1,195,0.11713217477217507,0.1169700054971556,3.7964180854755614e-05,1.7820894140938616e-05
binomial_logit,unbalanced,FEL_full,lme4_AGQ9,tau2,195,0.2699751447441369,0.2665753994725823,0.0018241351756508642,0.0004441836626812981
binomial_logit,unbalanced,FEL_full,glmmML_Laplace,beta0,195,0.19726768446844592,0.19677279325868535,0.00019500716871701196,6.729660898959737e-05
binomial_logit,unbalanced,FEL_full,glmmML_Laplace,beta1,195,0.11713217477217507,0.11692845338107508,4.768315676911805e-05,2.1216067454071007e-05
binomial_logit,unbalanced,FEL_full,glmmML_Laplace,tau2,195,0.2699751447441369,0.2565482370738476,0.007069580833918585,0.001821923717521627
binomial_logit,unbalanced,FEL_full,glmmML_GHQ20,beta0,195,0.19726768446844592,0.19674662356204187,0.00020530545247853167,4.3228888208360573e-05
binomial_logit,unbalanced,FEL_full,glmmML_GHQ20,beta1,195,0.11713217477217507,0.11697019856865742,3.791901366821813e-05,1.8100790703161078e-05
binomial_logit,unbalanced,FEL_full,glmmML_GHQ20,tau2,195,0.2699751447441369,0.26657901045789256,0.0018222099629084973,0.0004438562737638619
binomial_logit,unbalanced,FEL_full,MASS_PQL,beta0,195,0.19726768446844592,0.1876953803270353,0.003684983539431907,0.0008136222560708406
binomial_logit,unbalanced,FEL_full,MASS_PQL,beta1,195,0.11713217477217507,0.11489254290629132,0.0005196499513853756,0.0003486086557384883
binomial_logit,unbalanced,FEL_full,MASS_PQL,tau2,195,0.2699751447441369,0.225459199903849,0.02205472795833394,0.006013016158783535
binomial_probit,many_small,FEL_mean,FEL_Laplace_EM,beta0,187,0.1505817460967896,0.13484897161677742,0.004490617111455568,0.0018417535342524285
binomial_probit,many_small,FEL_mean,FEL_Laplace_EM,beta1,187,0.11836187898983778,0.10844639459612682,0.0022489138971061623,0.0013388815312769592
binomial_probit,many_small,FEL_mean,FEL_Laplace_EM,tau2,187,0.2737241181190135,0.20922426707022201,0.031150098908960044,0.015466985299596607
binomial_probit,many_small,FEL_mean,FEL_MSPL,beta0,187,0.1505817460967896,0.13503975858424763,0.004439125859066129,0.0019058856315039938
binomial_probit,many_small,FEL_mean,FEL_MSPL,beta1,187,0.11836187898983778,0.10914472527059091,0.0020969633436122375,0.001400208816199059
binomial_probit,many_small,FEL_mean,FEL_MSPL,tau2,187,0.2737241181190135,0.22707166898718592,0.023363349983405505,0.016194475265912552
binomial_probit,many_small,FEL_mean,FEL_RSPL,beta0,187,0.1505817460967896,0.13480968699374243,0.004501210550207201,0.0018716325611103867
binomial_probit,many_small,FEL_mean,FEL_RSPL,beta1,187,0.11836187898983778,0.10864520159157112,0.0022057545691318765,0.0013661571297456385
binomial_probit,many_small,FEL_mean,FEL_RSPL,tau2,187,0.2737241181190135,0.21387350795368426,0.02918301543561698,0.015817136402349753
binomial_probit,many_small,FEL_mean,lme4_Laplace,beta0,186,0.15067740426748868,0.15009725393877554,0.000174494516826951,8.229448163933175e-05
binomial_probit,many_small,FEL_mean,lme4_Laplace,beta1,186,0.1181915646594366,0.1185938560275124,-9.525673082855613e-05,8.312757488829764e-05
binomial_probit,many_small,FEL_mean,lme4_Laplace,tau2,186,0.2737889666522153,0.25166277844364426,0.011626244206513101,0.005612267682894535
binomial_probit,many_small,FEL_mean,lme4_AGQ9,beta0,187,0.1505817460967896,0.14983139715984267,0.0002254146826874996,9.96413689536204e-05
binomial_probit,many_small,FEL_mean,lme4_AGQ9,beta1,187,0.11836187898983778,0.11782350160838904,0.0001271568667429505,5.1336201083401514e-05
binomial_probit,many_small,FEL_mean,lme4_AGQ9,tau2,187,0.2737241181190135,0.2867395112264123,-0.0072946544583301935,0.0017638458330196598
binomial_probit,many_small,FEL_mean,glmmML_Laplace,beta0,0,,,,
binomial_probit,many_small,FEL_mean,glmmML_Laplace,beta1,0,,,,
binomial_probit,many_small,FEL_mean,glmmML_Laplace,tau2,0,,,,
binomial_probit,many_small,FEL_mean,glmmML_GHQ20,beta0,0,,,,
binomial_probit,many_small,FEL_mean,glmmML_GHQ20,beta1,0,,,,
binomial_probit,many_small,FEL_mean,glmmML_GHQ20,tau2,0,,,,
binomial_probit,many_small,FEL_mean,MASS_PQL,beta0,187,0.1505817460967896,0.13504095934214413,0.004438801557511384,0.0019065939341226614
binomial_probit,many_small,FEL_mean,MASS_PQL,beta1,187,0.11836187898983778,0.10915034083058142,0.0020957374945729155,0.001400771213834709
binomial_probit,many_small,FEL_mean,MASS_PQL,tau2,187,0.2737241181190135,0.22717222549716917,0.023317672802694943,0.01619780402200927
binomial_probit,many_small,FEL_full,FEL_Laplace_EM,beta0,181,0.15701923704745183,0.13454014358447314,0.006553990567233223,0.0025099625990530083
binomial_probit,many_small,FEL_full,FEL_Laplace_EM,beta1,181,0.12254302222637882,0.10912759060721512,0.0031079612646388263,0.0017247202773851024
binomial_probit,many_small,FEL_full,FEL_Laplace_EM,tau2,181,0.3367087823917098,0.2023167820551854,0.0724407238385424,0.03157411054397498
binomial_probit,many_small,FEL_full,FEL_MSPL,beta0,181,0.15701923704745183,0.13471803487600145,0.006506091882112325,0.002573472284693194
binomial_probit,many_small,FEL_full,FEL_MSPL,beta1,181,0.12254302222637882,0.10984872307806194,0.002950050334494034,0.0017859976397199275
binomial_probit,many_small,FEL_full,FEL_MSPL,tau2,181,0.3367087823917098,0.22046972743802273,0.06476590342311177,0.03229202008423737
binomial_probit,many_small,FEL_full,FEL_RSPL,beta0,181,0.15701923704745183,0.13450057338286384,0.006564636562644731,0.0025398689001239687
binomial_probit,many_small,FEL_full,FEL_RSPL,beta1,181,0.12254302222637882,0.10933593523332977,0.003062445563027891,0.0017523643835437618
binomial_probit,many_small,FEL_full,FEL_RSPL,tau2,181,0.3367087823917098,0.2072019174736077,0.07044016953496807,0.03192611084326248
binomial_probit,many_small,FEL_full,lme4_Laplace,beta0,180,0.1571054825291356,0.1504057123644629,0.0020602543288509778,0.0007174147113400294
binomial_probit,many_small,FEL_full,lme4_Laplace,beta1,180,0.1223229910598211,0.11925008566066976,0.0007423312117439945,0.00041120336681316005
binomial_probit,many_small,FEL_full,lme4_Laplace,tau2,180,0.33676910069862664,0.2476656687557767,0.05207514370511565,0.02147283117584979
binomial_probit,many_small,FEL_full,lme4_AGQ9,beta0,181,0.15701923704745183,0.15013530089246147,0.002114432228893933,0.0007452244621995813
binomial_probit,many_small,FEL_full,lme4_AGQ9,beta1,181,0.12254302222637882,0.11845193998257195,0.0009859302107399473,0.0004255883403493823
binomial_probit,many_small,FEL_full,lme4_AGQ9,tau2,181,0.3367087823917098,0.2859010746216676,0.031633379669883444,0.01445768787069203
binomial_probit,many_small,FEL_full,glmmML_Laplace,beta0,0,,,,
binomial_probit,many_small,FEL_full,glmmML_Laplace,beta1,0,,,,
binomial_probit,many_small,FEL_full,glmmML_Laplace,tau2,0,,,,
binomial_probit,many_small,FEL_full,glmmML_GHQ20,beta0,0,,,,
binomial_probit,many_small,FEL_full,glmmML_GHQ20,beta1,0,,,,
binomial_probit,many_small,FEL_full,glmmML_GHQ20,tau2,0,,,,
binomial_probit,many_small,FEL_full,MASS_PQL,beta0,181,0.15701923704745183,0.13471928516085882,0.006505755008711075,0.0025741634393755056
binomial_probit,many_small,FEL_full,MASS_PQL,beta1,181,0.12254302222637882,0.1098550778143297,0.002948654174782342,0.001786539793501492
binomial_probit,many_small,FEL_full,MASS_PQL,tau2,181,0.3367087823917098,0.22057310346777018,0.06472031016630415,0.03229528802664873
binomial_probit,rich,FEL_mean,FEL_Laplace_EM,beta0,200,0.14117414633225078,0.13629833644518888,0.0013529030749138578,0.0004301433216737617
binomial_probit,rich,FEL_mean,FEL_Laplace_EM,beta1,200,0.06837098573262283,0.06590735017645706,0.0003308128827683808,0.0001420926816938221
binomial_probit,rich,FEL_mean,FEL_Laplace_EM,tau2,200,0.18042340280287417,0.1609113513222616,0.006660141294611884,0.0021303493119218366
binomial_probit,rich,FEL_mean,FEL_MSPL,beta0,200,0.14117414633225078,0.1362274908530878,0.001372210328511638,0.00043584895965450855
binomial_probit,rich,FEL_mean,FEL_MSPL,beta1,200,0.06837098573262283,0.06589405926867369,0.0003325646431470357,0.0001442013614218434
binomial_probit,rich,FEL_mean,FEL_MSPL,tau2,200,0.18042340280287417,0.16091107522647638,0.006660230148427445,0.0022447525972363763
binomial_probit,rich,FEL_mean,FEL_RSPL,beta0,200,0.14117414633225078,0.13648195167911983,0.0013028164584981611,0.0004074872809346133
binomial_probit,rich,FEL_mean,FEL_RSPL,beta1,200,0.06837098573262283,0.06597124902182268,0.0003223859925511756,0.00013198447571185665
binomial_probit,rich,FEL_mean,FEL_RSPL,tau2,200,0.18042340280287417,0.1622377489135575,0.006231517106429659,0.0016350860722774737
binomial_probit,rich,FEL_mean,lme4_Laplace,beta0,200,0.14117414633225078,0.14241920533318525,-0.00035309045509622413,9.72929595215327e-05
binomial_probit,rich,FEL_mean,lme4_Laplace,beta1,200,0.06837098573262283,0.0695885664359962,-0.00016797688856654155,4.4391440788948326e-05
binomial_probit,rich,FEL_mean,lme4_Laplace,tau2,200,0.18042340280287417,0.18202498424717903,-0.0005804906112175914,0.0001106812379953207
binomial_probit,rich,FEL_mean,lme4_AGQ9,beta0,200,0.14117414633225078,0.14118168505476972,-2.1286022644279477e-06,2.1133741752434732e-06
binomial_probit,rich,FEL_mean,lme4_AGQ9,beta1,200,0.06837098573262283,0.06831958008871496,7.026666552178671e-06,1.7033060585442896e-06
binomial_probit,rich,FEL_mean,lme4_AGQ9,tau2,200,0.18042340280287417,0.18204604437751898,-0.0005881579945334256,0.000156252746204432
binomial_probit,rich,FEL_mean,glmmML_Laplace,beta0,0,,,,
binomial_probit,rich,FEL_mean,glmmML_Laplace,beta1,0,,,,
binomial_probit,rich,FEL_mean,glmmML_Laplace,tau2,0,,,,
binomial_probit,rich,FEL_mean,glmmML_GHQ20,beta0,0,,,,
binomial_probit,rich,FEL_mean,glmmML_GHQ20,beta1,0,,,,
binomial_probit,rich,FEL_mean,glmmML_GHQ20,tau2,0,,,,
binomial_probit,rich,FEL_mean,MASS_PQL,beta0,200,0.14117414633225078,0.13622403601718105,0.0013731516038295204,0.00043621471509438657
binomial_probit,rich,FEL_mean,MASS_PQL,beta1,200,0.06837098573262283,0.06589270355277732,0.0003327433085563225,0.00014431730541545495
binomial_probit,rich,FEL_mean,MASS_PQL,tau2,200,0.18042340280287417,0.1609047080991195,0.006662279190505335,0.0022471959293825687
binomial_probit,rich,FEL_full,FEL_Laplace_EM,beta0,200,0.14131166208274265,0.13629833644518888,0.0013917493228613425,0.00043952374762486787
binomial_probit,rich,FEL_full,FEL_Laplace_EM,beta1,200,0.06841957115598789,0.06590735017645706,0.0003374589098871559,0.00014389390934214602
binomial_probit,rich,FEL_full,FEL_Laplace_EM,tau2,200,0.18280389685979706,0.1609113513222616,0.00752480172277102,0.0023770012050812247
binomial_probit,rich,FEL_full,FEL_MSPL,beta0,200,0.14131166208274265,0.1362274908530878,0.0014110565764591228,0.0004452254126938981
binomial_probit,rich,FEL_full,FEL_MSPL,beta1,200,0.06841957115598789,0.06589405926867369,0.00033921067026581084,0.0001460033048169608
binomial_probit,rich,FEL_full,FEL_MSPL,tau2,200,0.18280389685979706,0.16091107522647638,0.0075248905765865825,0.0024910468648367897
binomial_probit,rich,FEL_full,FEL_RSPL,beta0,200,0.14131166208274265,0.13648195167911983,0.0013416627064456457,0.00041690539561323257
binomial_probit,rich,FEL_full,FEL_RSPL,beta1,200,0.06841957115598789,0.06597124902182268,0.0003290320196699507,0.00013378732766603478
binomial_probit,rich,FEL_full,FEL_RSPL,tau2,200,0.18280389685979706,0.1622377489135575,0.007096177534588796,0.0018844743093908494
binomial_probit,rich,FEL_full,lme4_Laplace,beta0,200,0.14131166208274265,0.14241920533318525,-0.0003142442071487394,8.970826812799136e-05
binomial_probit,rich,FEL_full,lme4_Laplace,beta1,200,0.06841957115598789,0.0695885664359962,-0.00016133086144776642,4.267393874180601e-05
binomial_probit,rich,FEL_full,lme4_Laplace,tau2,200,0.18280389685979706,0.18202498424717903,0.00028416981694154547,0.00019110093530205158
binomial_probit,rich,FEL_full,lme4_AGQ9,beta0,200,0.14131166208274265,0.14118168505476972,3.671764568305676e-05,9.65539765167644e-06
binomial_probit,rich,FEL_full,lme4_AGQ9,beta1,200,0.06841957115598789,0.06831958008871496,1.3672693670953794e-05,3.6185005388665683e-06
binomial_probit,rich,FEL_full,lme4_AGQ9,tau2,200,0.18280389685979706,0.18204604437751898,0.0002765024336257112,0.00010151708203873741
binomial_probit,rich,FEL_full,glmmML_Laplace,beta0,0,,,,
binomial_probit,rich,FEL_full,glmmML_Laplace,beta1,0,,,,
binomial_probit,rich,FEL_full,glmmML_Laplace,tau2,0,,,,
binomial_probit,rich,FEL_full,glmmML_GHQ20,beta0,0,,,,
binomial_probit,rich,FEL_full,glmmML_GHQ20,beta1,0,,,,
binomial_probit,rich,FEL_full,glmmML_GHQ20,tau2,0,,,,
binomial_probit,rich,FEL_full,MASS_PQL,beta0,200,0.14131166208274265,0.13622403601718105,0.0014119978517770052,0.00044559105820256214
binomial_probit,rich,FEL_full,MASS_PQL,beta1,200,0.06841957115598789,0.06589270355277732,0.00033938933567509763,0.00014611919253128166
binomial_probit,rich,FEL_full,MASS_PQL,tau2,200,0.18280389685979706,0.1609047080991195,0.007526939618664471,0.002493478376264031
binomial_probit,small,FEL_mean,FEL_Laplace_EM,beta0,165,0.17993018398483185,0.16857963767621548,0.00395577686977134,0.0019142522054614146
binomial_probit,small,FEL_mean,FEL_Laplace_EM,beta1,165,0.16238048079618744,0.15079741091253826,0.0036275614056760805,0.0016675429668134437
binomial_probit,small,FEL_mean,FEL_Laplace_EM,tau2,165,0.319209185050881,0.2159971997584297,0.05523971351736459,0.018538371592421884
binomial_probit,small,FEL_mean,FEL_MSPL,beta0,165,0.17993018398483185,0.16876005887202902,0.003894913638324732,0.001978535316135261
binomial_probit,small,FEL_mean,FEL_MSPL,beta1,165,0.16238048079618744,0.1511685272701101,0.0035154969065869773,0.001752182945259654
binomial_probit,small,FEL_mean,FEL_MSPL,tau2,165,0.319209185050881,0.22981181229436357,0.04908103475082779,0.019518071012659552
binomial_probit,small,FEL_mean,FEL_RSPL,beta0,165,0.17993018398483185,0.1684558631743013,0.003997493271016514,0.001907716083597732
binomial_probit,small,FEL_mean,FEL_RSPL,beta1,165,0.16238048079618744,0.15067821112394217,0.0036634972360897085,0.0016485354202135393
binomial_probit,small,FEL_mean,FEL_RSPL,tau2,165,0.319209185050881,0.20870401851219086,0.05833713647771067,0.018429352234185695
binomial_probit,small,FEL_mean,lme4_Laplace,beta0,165,0.17993018398483185,0.1792934179140017,0.0002287414015305743,9.135288175470465e-05
binomial_probit,small,FEL_mean,lme4_Laplace,beta1,165,0.16238048079618744,0.16337439533563736,-0.0003237725076841301,0.00016468001666321576
binomial_probit,small,FEL_mean,lme4_Laplace,tau2,165,0.319209185050881,0.28617553539581353,0.01999806676176705,0.006706347209445102
binomial_probit,small,FEL_mean,lme4_AGQ9,beta0,165,0.17993018398483185,0.17915302464233795,0.0002790648703172806,0.0001901556981884718
binomial_probit,small,FEL_mean,lme4_AGQ9,beta1,165,0.16238048079618744,0.16196896683732964,0.00013347432524900515,7.988770682033382e-05
binomial_probit,small,FEL_mean,lme4_AGQ9,tau2,165,0.319209185050881,0.3401636422316029,-0.013816799675422351,0.0033262565688433276
binomial_probit,small,FEL_mean,glmmML_Laplace,beta0,0,,,,
binomial_probit,small,FEL_mean,glmmML_Laplace,beta1,0,,,,
binomial_probit,small,FEL_mean,glmmML_Laplace,tau2,0,,,,
binomial_probit,small,FEL_mean,glmmML_GHQ20,beta0,0,,,,
binomial_probit,small,FEL_mean,glmmML_GHQ20,beta1,0,,,,
binomial_probit,small,FEL_mean,glmmML_GHQ20,tau2,0,,,,
binomial_probit,small,FEL_mean,MASS_PQL,beta0,165,0.17993018398483185,0.16875937696796864,0.003895143794198487,0.001979444642059619
binomial_probit,small,FEL_mean,MASS_PQL,beta1,165,0.16238048079618744,0.15116573944368014,0.0035163397620463998,0.0017533954928213192
binomial_probit,small,FEL_mean,MASS_PQL,tau2,165,0.319209185050881,0.2298981789177125,0.04904133115116704,0.019525291582543413
binomial_probit,small,FEL_full,FEL_Laplace_EM,beta0,154,0.18226510127700196,0.17057317247761805,0.004125359974436542,0.0021392185533233485
binomial_probit,small,FEL_full,FEL_Laplace_EM,beta1,154,0.1587563721671167,0.14648481549524256,0.003745784532988804,0.001905699414299542
binomial_probit,small,FEL_full,FEL_Laplace_EM,tau2,154,0.3895019548437149,0.20373225096438768,0.1102049427440591,0.03920725608222605
binomial_probit,small,FEL_full,FEL_MSPL,beta0,154,0.18226510127700196,0.17088265518020845,0.004019685302077759,0.0022008657377732377
binomial_probit,small,FEL_full,FEL_MSPL,beta1,154,0.1587563721671167,0.14706166263913772,0.0035764530854765046,0.0019892428937971006
binomial_probit,small,FEL_full,FEL_MSPL,tau2,154,0.3895019548437149,0.2182444952698504,0.10408111311148362,0.04010493822209287
binomial_probit,small,FEL_full,FEL_RSPL,beta0,154,0.18226510127700196,0.170410654468888,0.004180775987001035,0.002131130952364969
binomial_probit,small,FEL_full,FEL_RSPL,beta1,154,0.1587563721671167,0.14623465436221644,0.0038190115672271487,0.0018919908016884427
binomial_probit,small,FEL_full,FEL_RSPL,tau2,154,0.3895019548437149,0.19697517912237514,0.11291255163678358,0.039107431952893394
binomial_probit,small,FEL_full,lme4_Laplace,beta0,154,0.18226510127700196,0.1777744224167642,0.0016168218779016707,0.0006720549639897754
binomial_probit,small,FEL_full,lme4_Laplace,beta1,154,0.1587563721671167,0.15801897653626834,0.00023358875809433117,0.00027395880110476774
binomial_probit,small,FEL_full,lme4_Laplace,tau2,154,0.3895019548437149,0.2732100437719412,0.07706804480920935,0.028271101723892474
binomial_probit,small,FEL_full,lme4_AGQ9,beta0,154,0.18226510127700196,0.17794180947196658,0.0015572795853581196,0.0006852878388852974
binomial_probit,small,FEL_full,lme4_AGQ9,beta1,154,0.1587563721671167,0.15633502729633905,0.0007629449439169788,0.0002647970853177577
binomial_probit,small,FEL_full,lme4_AGQ9,tau2,154,0.3895019548437149,0.3302015669221951,0.042678698029202454,0.019839990641845533
binomial_probit,small,FEL_full,glmmML_Laplace,beta0,0,,,,
binomial_probit,small,FEL_full,glmmML_Laplace,beta1,0,,,,
binomial_probit,small,FEL_full,glmmML_Laplace,tau2,0,,,,
binomial_probit,small,FEL_full,glmmML_GHQ20,beta0,0,,,,
binomial_probit,small,FEL_full,glmmML_GHQ20,beta1,0,,,,
binomial_probit,small,FEL_full,glmmML_GHQ20,tau2,0,,,,
binomial_probit,small,FEL_full,MASS_PQL,beta0,154,0.18226510127700196,0.1708843173547811,0.004019117225706242,0.00220174065857986
binomial_probit,small,FEL_full,MASS_PQL,beta1,154,0.1587563721671167,0.1470632666041713,0.003575981319374497,0.0019902913135354775
binomial_probit,small,FEL_full,MASS_PQL,tau2,154,0.3895019548437149,0.2183344022371233,0.1040418616268334,0.0401119892456591
binomial_probit,unbalanced,FEL_mean,FEL_Laplace_EM,beta0,200,0.15706956157012153,0.149401778816793,0.002349955658208257,0.0006330145202134874
binomial_probit,unbalanced,FEL_mean,FEL_Laplace_EM,beta1,200,0.0857516841768489,0.08430625422664226,0.00024580683743880173,0.00022624106185892745
binomial_probit,unbalanced,FEL_mean,FEL_Laplace_EM,tau2,200,0.208868060508669,0.17964252005063835,0.011354431690509002,0.0031022587706766224
binomial_probit,unbalanced,FEL_mean,FEL_MSPL,beta0,200,0.15706956157012153,0.14930269191023637,0.0023795533601872368,0.0006501984523652694
binomial_probit,unbalanced,FEL_mean,FEL_MSPL,beta1,200,0.0857516841768489,0.0843424771515443,0.00023969788710726547,0.00023313440899666856
binomial_probit,unbalanced,FEL_mean,FEL_MSPL,tau2,200,0.208868060508669,0.17961208455503147,0.011365365782449236,0.0033850160724028587
binomial_probit,unbalanced,FEL_mean,FEL_RSPL,beta0,200,0.15706956157012153,0.14944711803028396,0.002336406084272577,0.0006103010176784178
binomial_probit,unbalanced,FEL_mean,FEL_RSPL,beta1,200,0.0857516841768489,0.08430546500919844,0.0002459399087488544,0.00021148600219094812
binomial_probit,unbalanced,FEL_mean,FEL_RSPL,tau2,200,0.208868060508669,0.17776770032175454,0.012024511422967883,0.002705986058830763
binomial_probit,unbalanced,FEL_mean,lme4_Laplace,beta0,200,0.15706956157012153,0.15914352057722234,-0.0006558129698825926,0.00013718955639899604
binomial_probit,unbalanced,FEL_mean,lme4_Laplace,beta1,200,0.0857516841768489,0.08652102672764654,-0.0001325367268400889,5.949711431757444e-05
binomial_probit,unbalanced,FEL_mean,lme4_Laplace,tau2,200,0.208868060508669,0.20498241476882276,0.0016080763361953233,0.0005086349110118804
binomial_probit,unbalanced,FEL_mean,lme4_AGQ9,beta0,200,0.15706956157012153,0.15690049191194122,5.308280962106495e-05,1.0453943469542768e-05
binomial_probit,unbalanced,FEL_mean,lme4_AGQ9,beta1,200,0.0857516841768489,0.08569771443945957,9.253079018879799e-06,2.8935655526058853e-06
binomial_probit,unbalanced,FEL_mean,lme4_AGQ9,tau2,200,0.208868060508669,0.21338443432190976,-0.0019070501102284138,0.00045398724793042634
binomial_probit,unbalanced,FEL_mean,glmmML_Laplace,beta0,0,,,,
binomial_probit,unbalanced,FEL_mean,glmmML_Laplace,beta1,0,,,,
binomial_probit,unbalanced,FEL_mean,glmmML_Laplace,tau2,0,,,,
binomial_probit,unbalanced,FEL_mean,glmmML_GHQ20,beta0,0,,,,
binomial_probit,unbalanced,FEL_mean,glmmML_GHQ20,beta1,0,,,,
binomial_probit,unbalanced,FEL_mean,glmmML_GHQ20,tau2,0,,,,
binomial_probit,unbalanced,FEL_mean,MASS_PQL,beta0,200,0.15706956157012153,0.1492984146687937,0.0023808305492151235,0.0006507272730682212
binomial_probit,unbalanced,FEL_mean,MASS_PQL,beta1,200,0.0857516841768489,0.08434175852351454,0.00023981910832720132,0.00023338978377934717
binomial_probit,unbalanced,FEL_mean,MASS_PQL,tau2,200,0.208868060508669,0.17960612986795718,0.011367504814507505,0.0033889138612438665
binomial_probit,unbalanced,FEL_full,FEL_Laplace_EM,beta0,200,0.15743540289209534,0.149401778816793,0.002465014570174447,0.0006577919794918988
binomial_probit,unbalanced,FEL_full,FEL_Laplace_EM,beta1,200,0.08580210874664757,0.08430625422664226,0.0002544573636442988,0.00023248596794567735
binomial_probit,unbalanced,FEL_full,FEL_Laplace_EM,tau2,200,0.2161194143385943,0.17964252005063835,0.014436166243912989,0.0037890375529131865
binomial_probit,unbalanced,FEL_full,FEL_MSPL,beta0,200,0.15743540289209534,0.14930269191023637,0.0024946122721534263,0.0006750348350465724
binomial_probit,unbalanced,FEL_full,FEL_MSPL,beta1,200,0.08580210874664757,0.0843424771515443,0.00024834841331276256,0.00023938786616656296
binomial_probit,unbalanced,FEL_full,FEL_MSPL,tau2,200,0.2161194143385943,0.17961208455503147,0.014447100335853223,0.004070457134164122
binomial_probit,unbalanced,FEL_full,FEL_RSPL,beta0,200,0.15743540289209534,0.14944711803028396,0.0024514649962387664,0.0006350364858717599
binomial_probit,unbalanced,FEL_full,FEL_RSPL,beta1,200,0.08580210874664757,0.08430546500919844,0.0002545904349543515,0.0002177330586845127
binomial_probit,unbalanced,FEL_full,FEL_RSPL,tau2,200,0.2161194143385943,0.17776770032175454,0.01510624597637187,0.003397183742163534
binomial_probit,unbalanced,FEL_full,lme4_Laplace,beta0,200,0.15743540289209534,0.15914352057722234,-0.0005407540579164029,0.00011955701745240346
binomial_probit,unbalanced,FEL_full,lme4_Laplace,beta1,200,0.08580210874664757,0.08652102672764654,-0.0001238862006345918,5.365414812909085e-05
binomial_probit,unbalanced,FEL_full,lme4_Laplace,tau2,200,0.2161194143385943,0.20498241476882276,0.00468981088959931,0.0011975910719858303
binomial_probit,unbalanced,FEL_full,lme4_AGQ9,beta0,200,0.15743540289209534,0.15690049191194122,0.00016814172158725467,3.2618080861340835e-05
binomial_probit,unbalanced,FEL_full,lme4_AGQ9,beta1,200,0.08580210874664757,0.08569771443945957,1.7903605224376903e-05,8.868769190308468e-06
binomial_probit,unbalanced,FEL_full,lme4_AGQ9,tau2,200,0.2161194143385943,0.21338443432190976,0.0011746844431755731,0.00026742834329343795
binomial_probit,unbalanced,FEL_full,glmmML_Laplace,beta0,0,,,,
binomial_probit,unbalanced,FEL_full,glmmML_Laplace,beta1,0,,,,
binomial_probit,unbalanced,FEL_full,glmmML_Laplace,tau2,0,,,,
binomial_probit,unbalanced,FEL_full,glmmML_GHQ20,beta0,0,,,,
binomial_probit,unbalanced,FEL_full,glmmML_GHQ20,beta1,0,,,,
binomial_probit,unbalanced,FEL_full,glmmML_GHQ20,tau2,0,,,,
binomial_probit,unbalanced,FEL_full,MASS_PQL,beta0,200,0.15743540289209534,0.1492984146687937,0.002495889461181313,0.0006755630063414475
binomial_probit,unbalanced,FEL_full,MASS_PQL,beta1,200,0.08580210874664757,0.08434175852351454,0.00024846963453269843,0.00023964287597736403
binomial_probit,unbalanced,FEL_full,MASS_PQL,tau2,200,0.2161194143385943,0.17960612986795718,0.014449239367911492,0.004074320940483243
poisson_log,many_small,FEL_mean,FEL_Laplace_EM,beta0,200,0.10398054478568255,0.1152096327952938,-0.002461305794899098,0.000737359528482575
poisson_log,many_small,FEL_mean,FEL_Laplace_EM,beta1,200,0.04637941912086697,0.04623054156913393,1.3787544213620457e-05,8.825789011118127e-06
poisson_log,many_small,FEL_mean,FEL_Laplace_EM,tau2,200,0.12594474238507908,0.1148702686302648,0.0026668995192547385,0.0008414043873765163
poisson_log,many_small,FEL_mean,FEL_MSPL,beta0,200,0.10398054478568255,0.11520648440142507,-0.002460580354208463,0.0007372749064221482
poisson_log,many_small,FEL_mean,FEL_MSPL,beta1,200,0.04637941912086697,0.0462305086668008,1.379058639789698e-05,8.826469936172373e-06
poisson_log,many_small,FEL_mean,FEL_MSPL,tau2,200,0.12594474238507908,0.1148704758065379,0.002666851922423525,0.0008413690603405262
poisson_log,many_small,FEL_mean,FEL_RSPL,beta0,200,0.10398054478568255,0.11451577664009666,-0.0023019094055571677,0.0007157534927599106
poisson_log,many_small,FEL_mean,FEL_RSPL,beta1,200,0.04637941912086697,0.04621315681690028,1.5394655005623564e-05,7.74761100814025e-06
poisson_log,many_small,FEL_mean,FEL_RSPL,tau2,200,0.12594474238507908,0.11531611252355918,0.0025642723268977713,0.0006321553664921686
poisson_log,many_small,FEL_mean,lme4_Laplace,beta0,200,0.10398054478568255,0.10386176690509143,2.468706927979135e-05,1.3794459753728693e-05
poisson_log,many_small,FEL_mean,lme4_Laplace,beta1,200,0.04637941912086697,0.04637521783497714,3.8968874745877115e-07,5.406244383784468e-07
poisson_log,many_small,FEL_mean,lme4_Laplace,tau2,200,0.12594474238507908,0.12474800959195124,0.00030001223729037425,7.469661204069854e-05
poisson_log,many_small,FEL_mean,lme4_AGQ9,beta0,200,0.10398054478568255,0.10396752729858526,2.706961345268206e-06,2.399085102120765e-06
poisson_log,many_small,FEL_mean,lme4_AGQ9,beta1,200,0.04637941912086697,0.04637281778875533,6.122883199374577e-07,3.360204850401859e-07
poisson_log,many_small,FEL_mean,lme4_AGQ9,tau2,200,0.12594474238507908,0.12695816412973468,-0.00025629730474871845,6.056819985563656e-05
poisson_log,many_small,FEL_mean,glmmML_Laplace,beta0,200,0.10398054478568255,0.1039147948298155,1.3669109404688766e-05,7.021181411715113e-06
poisson_log,many_small,FEL_mean,glmmML_Laplace,beta1,200,0.04637941912086697,0.04638307826326514,-3.3943118713868516e-07,3.705060583427585e-07
poisson_log,many_small,FEL_mean,glmmML_Laplace,tau2,200,0.12594474238507908,0.12494704436704913,0.0002503142383825886,6.389301645854355e-05
poisson_log,many_small,FEL_mean,glmmML_GHQ20,beta0,200,0.10398054478568255,0.103963641529024,3.5149339519338937e-06,2.4049684258151485e-06
poisson_log,many_small,FEL_mean,glmmML_GHQ20,beta1,200,0.04637941912086697,0.046372329930348316,6.575348199620955e-07,3.651462201273359e-07
poisson_log,many_small,FEL_mean,glmmML_GHQ20,tau2,200,0.12594474238507908,0.12696124708266168,-0.0002570801263407368,6.0761665969679505e-05
poisson_log,many_small,FEL_mean,MASS_PQL,beta0,200,0.10398054478568255,0.11520678113867105,-0.0024606487264063137,0.00073727785855529
poisson_log,many_small,FEL_mean,MASS_PQL,beta1,200,0.04637941912086697,0.04623055132402135,1.3786642266067507e-05,8.82653723848324e-06
poisson_log,many_small,FEL_mean,MASS_PQL,tau2,200,0.12594474238507908,0.11487459992884741,0.002665904425631184,0.000841344451751656
poisson_log,many_small,FEL_full,FEL_Laplace_EM,beta0,199,0.10421222005399546,0.1154986425485511,-0.002479749621975604,0.0007489619557890596
poisson_log,many_small,FEL_full,FEL_Laplace_EM,beta1,199,0.04648991400621425,0.046342770764812066,1.365970214527666e-05,9.197796581444382e-06
poisson_log,many_small,FEL_full,FEL_Laplace_EM,tau2,199,0.12411892682020274,0.11245741808850657,0.00275883711186568,0.0008854284498216057
poisson_log,many_small,FEL_full,FEL_MSPL,beta0,199,0.10421222005399546,0.11549548777145045,-0.002479020886982889,0.000748876994218933
poisson_log,many_small,FEL_full,FEL_MSPL,beta1,199,0.04648991400621425,0.046342737502572735,1.3662785072834943e-05,9.198443940039214e-06
poisson_log,many_small,FEL_full,FEL_MSPL,tau2,199,0.12411892682020274,0.11245756588358262,0.00275880387053852,0.0008853958071202691
poisson_log,many_small,FEL_full,FEL_RSPL,beta0,199,0.10421222005399546,0.11480313947773244,-0.0023195740253613155,0.0007272599179417437
poisson_log,many_small,FEL_full,FEL_RSPL,beta1,199,0.04648991400621425,0.04632533883592711,1.527508604173974e-05,8.063102758168093e-06
poisson_log,many_small,FEL_full,FEL_RSPL,tau2,199,0.12411892682020274,0.11262441235185038,0.0027212497373992183,0.0006852587726671479
poisson_log,many_small,FEL_full,lme4_Laplace,beta0,199,0.10421222005399546,0.10402972377247867,3.8003380404160844e-05,2.253464687034613e-05
poisson_log,many_small,FEL_full,lme4_Laplace,beta1,199,0.04648991400621425,0.046488165426738295,1.6257956141097865e-07,9.822444288514173e-07
poisson_log,many_small,FEL_full,lme4_Laplace,tau2,199,0.12411892682020274,0.12156352411660967,0.0006278175993493031,0.00015240977440762044
poisson_log,many_small,FEL_full,lme4_AGQ9,beta0,199,0.10421222005399546,0.10413219263635128,1.66732653282017e-05,6.4640960347711925e-06
poisson_log,many_small,FEL_full,lme4_AGQ9,beta1,199,0.04648991400621425,0.04648575609303523,3.865847640351113e-07,2.0310164216204493e-07
poisson_log,many_small,FEL_full,lme4_AGQ9,tau2,199,0.12411892682020274,0.12366767059335194,0.00011181524501304058,2.313670894440878e-05
poisson_log,many_small,FEL_full,glmmML_Laplace,beta0,199,0.10421222005399546,0.10408177089335348,2.7171776285848657e-05,1.5712496557756266e-05
poisson_log,many_small,FEL_full,glmmML_Laplace,beta1,199,0.04648991400621425,0.04649605656923084,-5.711721839174045e-07,8.259482585044802e-07
poisson_log,many_small,FEL_full,glmmML_Laplace,tau2,199,0.12411892682020274,0.12175580885355347,0.0005810310054157964,0.0001419463477196792
poisson_log,many_small,FEL_full,glmmML_GHQ20,beta0,199,0.10421222005399546,0.10412828600477557,1.7486862290032917e-05,6.557358386606309e-06
poisson_log,many_small,FEL_full,glmmML_GHQ20,beta1,199,0.04648991400621425,0.04648526699081889,4.3205709748037147e-07,2.531404680515297e-07
poisson_log,many_small,FEL_full,glmmML_GHQ20,tau2,199,0.12411892682020274,0.12367068865047552,0.00011106876371599035,2.29986327680788e-05
poisson_log,many_small,FEL_full,MASS_PQL,beta0,199,0.10421222005399546,0.11549578524894272,-0.002479089601687519,0.0007488799508667016
poisson_log,many_small,FEL_full,MASS_PQL,beta1,199,0.04648991400621425,0.046342780242405096,1.3658823709344255e-05,9.198529017934064e-06
poisson_log,many_small,FEL_full,MASS_PQL,tau2,199,0.12411892682020274,0.11246179265641185,0.0027578531875050763,0.00088536915727784
poisson_log,rich,FEL_mean,FEL_Laplace_EM,beta0,88,0.12088388376908737,0.1166035275700886,0.0010165307133098145,0.00034302382774190315
poisson_log,rich,FEL_mean,FEL_Laplace_EM,beta1,88,0.02520242674501245,0.025201108707485084,6.64337512383265e-08,1.4270710747054117e-07
poisson_log,rich,FEL_mean,FEL_Laplace_EM,tau2,88,0.13918940350104708,0.14550511438062402,-0.0017980482639411825,8.687391496643091e-05
poisson_log,rich,FEL_mean,FEL_MSPL,beta0,88,0.12088388376908737,0.116606417947868,0.0010158566484653544,0.0003425297835202629
poisson_log,rich,FEL_mean,FEL_MSPL,beta1,88,0.02520242674501245,0.025201106144086247,6.65629522171492e-08,1.4268963307470842e-07
poisson_log,rich,FEL_mean,FEL_MSPL,tau2,88,0.13918940350104708,0.1455043021906871,-0.001797811909021492,8.686415377989008e-05
poisson_log,rich,FEL_mean,FEL_RSPL,beta0,88,0.12088388376908737,0.11684858087348,0.00095932250295203,0.0003207248785400122
poisson_log,rich,FEL_mean,FEL_RSPL,beta1,88,0.02520242674501245,0.025199539754843295,1.455099817912122e-07,2.4237665136397287e-07
poisson_log,rich,FEL_mean,FEL_RSPL,tau2,88,0.13918940350104708,0.13412530296978223,0.0013840931502414238,7.636728740174854e-05
poisson_log,rich,FEL_mean,lme4_Laplace,beta0,88,0.12088388376908737,0.12087514759891721,2.1120480382047074e-06,3.841975113934241e-07
poisson_log,rich,FEL_mean,lme4_Laplace,beta1,88,0.02520242674501245,0.025202466768792234,-2.017394358032967e-09,4.129823326504264e-09
poisson_log,rich,FEL_mean,lme4_Laplace,tau2,88,0.13918940350104708,0.139346597321094,-4.378413798982434e-05,2.559879706653733e-06
poisson_log,rich,FEL_mean,lme4_AGQ9,beta0,88,0.12088388376908737,0.12091043547536875,-6.420051745087289e-06,1.9006091374609243e-06
poisson_log,rich,FEL_mean,lme4_AGQ9,beta1,88,0.02520242674501245,0.025202326596732626,5.047949342177704e-09,8.382341109375528e-09
poisson_log,rich,FEL_mean,lme4_AGQ9,tau2,88,0.13918940350104708,0.13891999679078662,7.492453862513255e-05,4.203910613215313e-06
poisson_log,rich,FEL_mean,glmmML_Laplace,beta0,88,0.12088388376908737,0.12087319517989809,2.584042100487356e-06,2.914478063659458e-06
poisson_log,rich,FEL_mean,glmmML_Laplace,beta1,88,0.02520242674501245,0.025199250265775602,1.6009988052712324e-07,1.711451104660795e-07
poisson_log,rich,FEL_mean,glmmML_Laplace,tau2,88,0.13918940350104708,0.13933772083888818,-4.131040159863663e-05,3.663904374234491e-06
poisson_log,rich,FEL_mean,glmmML_GHQ20,beta0,88,0.12088388376908737,0.12091664250477899,-7.921079530300506e-06,2.2892732900970917e-06
poisson_log,rich,FEL_mean,glmmML_GHQ20,beta1,88,0.02520242674501245,0.02520245823814452,-1.5874076997511685e-09,7.029266298672836e-08
poisson_log,rich,FEL_mean,glmmML_GHQ20,tau2,88,0.13918940350104708,0.13893007170376231,7.212522336476324e-05,4.2388780607795446e-06
poisson_log,rich,FEL_mean,MASS_PQL,beta0,88,0.12088388376908737,0.11660634813443364,0.0010158729298494912,0.00034253300141184515
poisson_log,rich,FEL_mean,MASS_PQL,beta1,88,0.02520242674501245,0.025201110567120343,6.63400214943682e-08,1.4276276997266713e-07
poisson_log,rich,FEL_mean,MASS_PQL,tau2,88,0.13918940350104708,0.14550506428781368,-0.0017980336864234982,8.688114812641814e-05
poisson_log,rich,FEL_full,FEL_Laplace_EM,beta0,72,0.11072496015085968,0.10804020401504405,0.0005873311167971243,0.0003441569730292657
poisson_log,rich,FEL_full,FEL_Laplace_EM,beta1,72,0.02637200696350619,0.026370218084527667,9.434945766914024e-08,1.7514722118928614e-07
poisson_log,rich,FEL_full,FEL_Laplace_EM,tau2,72,0.15162936932050208,0.15857720863937713,-0.002155265459323321,6.316542043169542e-05
poisson_log,rich,FEL_full,FEL_MSPL,beta0,72,0.11072496015085968,0.10804032981509988,0.0005873039338539037,0.0003436824793432695
poisson_log,rich,FEL_full,FEL_MSPL,beta1,72,0.02637200696350619,0.026370216424607202,9.443700259583124e-08,1.7511422498106483e-07
poisson_log,rich,FEL_full,FEL_MSPL,tau2,72,0.15162936932050208,0.15857636629430838,-0.002154998306573445,6.31589953039129e-05
poisson_log,rich,FEL_full,FEL_RSPL,beta0,72,0.11072496015085968,0.10817044601664001,0.000559171408970635,0.0003220262415319748
poisson_log,rich,FEL_full,FEL_RSPL,beta1,72,0.02637200696350619,0.02637028700961795,9.071431359380755e-08,2.666242190849776e-07
poisson_log,rich,FEL_full,FEL_RSPL,tau2,72,0.15162936932050208,0.14654675589365787,0.00151551397757787,6.233275523514094e-05
poisson_log,rich,FEL_full,lme4_Laplace,beta0,72,0.11072496015085968,0.11070816047070046,3.720005603098645e-06,1.0158303747047265e-06
poisson_log,rich,FEL_full,lme4_Laplace,beta1,72,0.02637200696350619,0.026372079434504307,-3.822416585884883e-09,1.407506834191355e-08
poisson_log,rich,FEL_full,lme4_Laplace,tau2,72,0.15162936932050208,0.15207968550608608,-0.00013676510309683297,5.138508819506128e-06
poisson_log,rich,FEL_full,lme4_AGQ9,beta0,72,0.11072496015085968,0.11073342778558547,-1.8752287360046541e-06,1.1810441297372768e-06
poisson_log,rich,FEL_full,lme4_AGQ9,beta1,72,0.02637200696350619,0.026372005030246108,1.0196789304777646e-10,6.131810454238155e-10
poisson_log,rich,FEL_full,lme4_AGQ9,tau2,72,0.15162936932050208,0.1516211617515599,2.4889496405278126e-06,2.869134567202507e-07
poisson_log,rich,FEL_full,glmmML_Laplace,beta0,72,0.11072496015085968,0.11071169704685767,2.9369374142745286e-06,7.812995711103711e-07
poisson_log,rich,FEL_full,glmmML_Laplace,beta1,72,0.02637200696350619,0.026372373134654167,-1.931347020970852e-08,7.731877192785405e-08
poisson_log,rich,FEL_full,glmmML_Laplace,tau2,72,0.15162936932050208,0.15206898452725628,-0.00013351041461768986,6.236794966996385e-06
poisson_log,rich,FEL_full,glmmML_GHQ20,beta0,72,0.11072496015085968,0.11073526916013841,-2.283035558836136e-06,1.2201704392372046e-06
poisson_log,rich,FEL_full,glmmML_GHQ20,beta1,72,0.02637200696350619,0.02637243511203508,-2.258245528151557e-08,8.339775442947919e-08
poisson_log,rich,FEL_full,glmmML_GHQ20,tau2,72,0.15162936932050208,0.15163256736388592,-9.698448301759186e-07,2.02275003451448e-06
poisson_log,rich,FEL_full,MASS_PQL,beta0,72,0.11072496015085968,0.1080402940857874,0.0005873116542660381,0.00034368448543944924
poisson_log,rich,FEL_full,MASS_PQL,beta1,72,0.02637200696350619,0.026370219955530027,9.425078018501447e-08,1.7519568329921102e-07
poisson_log,rich,FEL_full,MASS_PQL,tau2,72,0.15162936932050208,0.15857716795519988,-0.002155252556158448,6.318659686012477e-05
poisson_log,small,FEL_mean,FEL_Laplace_EM,beta0,200,0.13407849547154702,0.14073489856115196,-0.0018292687251040734,0.0009154204283953047
poisson_log,small,FEL_mean,FEL_Laplace_EM,beta1,200,0.06993792275422399,0.06977820657472383,2.2314926390968416e-05,1.260759945594276e-05
poisson_log,small,FEL_mean,FEL_Laplace_EM,tau2,200,0.16739403359224136,0.1631513508635523,0.0014023991936784781,0.0010357272119015687
poisson_log,small,FEL_mean,FEL_MSPL,beta0,200,0.13407849547154702,0.14073267884798019,-0.001828643947815073,0.0009153218950263086
poisson_log,small,FEL_mean,FEL_MSPL,beta1,200,0.06993792275422399,0.06977819390483839,2.231669455457661e-05,1.2608408049677266e-05
poisson_log,small,FEL_mean,FEL_MSPL,tau2,200,0.16739403359224136,0.16315154023615688,0.0014023374008501166,0.001035689878839057
poisson_log,small,FEL_mean,FEL_RSPL,beta0,200,0.13407849547154702,0.13969263826156433,-0.0015369902365626107,0.0008611971718350519
poisson_log,small,FEL_mean,FEL_RSPL,beta1,200,0.06993792275422399,0.06980493652234017,1.8583876287860794e-05,1.0379829092498737e-05
poisson_log,small,FEL_mean,FEL_RSPL,tau2,200,0.16739403359224136,0.16059273076583305,0.0022307373074530934,0.0005316546879549778
poisson_log,small,FEL_mean,lme4_Laplace,beta0,200,0.13407849547154702,0.133919049118079,4.2731231223198663e-05,1.77886090697903e-05
poisson_log,small,FEL_mean,lme4_Laplace,beta1,200,0.06993792275422399,0.06992880491221035,1.275282725826438e-06,8.689366156809694e-07
poisson_log,small,FEL_mean,lme4_Laplace,tau2,200,0.16739403359224136,0.16700995766660717,0.0001284365224785133,9.374186475934856e-05
poisson_log,small,FEL_mean,lme4_AGQ9,beta0,200,0.13407849547154702,0.13405487850317646,6.332497412251243e-06,2.7069319240323347e-06
poisson_log,small,FEL_mean,lme4_AGQ9,beta1,200,0.06993792275422399,0.06993962635241081,-2.3829513903542454e-07,6.552471329171478e-07
poisson_log,small,FEL_mean,lme4_AGQ9,tau2,200,0.16739403359224136,0.16787186707578436,-0.0001602012732293786,7.600233869258134e-05
poisson_log,small,FEL_mean,glmmML_Laplace,beta0,200,0.13407849547154702,0.13400205383199665,2.049251672032588e-05,8.86760583678227e-06
poisson_log,small,FEL_mean,glmmML_Laplace,beta1,200,0.06993792275422399,0.06993399623123507,5.492103053999776e-07,7.341882331202449e-07
poisson_log,small,FEL_mean,glmmML_Laplace,tau2,200,0.16739403359224136,0.16712019573781497,9.160265883484075e-05,7.941009535002356e-05
poisson_log,small,FEL_mean,glmmML_GHQ20,beta0,200,0.13407849547154702,0.13405449790938215,6.434538177110856e-06,2.762888306051793e-06
poisson_log,small,FEL_mean,glmmML_GHQ20,beta1,200,0.06993792275422399,0.06994008301872684,-3.0217349060197194e-07,6.758788131874044e-07
poisson_log,small,FEL_mean,glmmML_GHQ20,tau2,200,0.16739403359224136,0.16787099842491338,-0.0001599096298968412,7.62148723277555e-05
poisson_log,small,FEL_mean,MASS_PQL,beta0,200,0.13407849547154702,0.14073354157391935,-0.0018288867760244258,0.0009153448565225944
poisson_log,small,FEL_mean,MASS_PQL,beta1,200,0.06993792275422399,0.06977821801155185,2.2313330308141968e-05,1.2610315871504757e-05
poisson_log,small,FEL_mean,MASS_PQL,tau2,200,0.16739403359224136,0.1631591450927402,0.0013998558548865808,0.0010358534693160931
poisson_log,small,FEL_full,FEL_Laplace_EM,beta0,200,0.13415717374596714,0.14073489856115196,-0.001808164405512115,0.0009257824217223235
poisson_log,small,FEL_full,FEL_Laplace_EM,beta1,200,0.06994359461401049,0.06977820657472383,2.3108314744205765e-05,1.3071944634089872e-05
poisson_log,small,FEL_full,FEL_Laplace_EM,tau2,200,0.1681183733671985,0.1631513508635523,0.0016454241750308053,0.0011400426087098021
poisson_log,small,FEL_full,FEL_MSPL,beta0,200,0.13415717374596714,0.14073267884798019,-0.0018075396282231145,0.000925683910943144
poisson_log,small,FEL_full,FEL_MSPL,beta1,200,0.06994359461401049,0.06977819390483839,2.3110082907813956e-05,1.3072667487660909e-05
poisson_log,small,FEL_full,FEL_MSPL,tau2,200,0.1681183733671985,0.16315154023615688,0.0016453623822024438,0.0011400052514821016
poisson_log,small,FEL_full,FEL_RSPL,beta0,200,0.13415717374596714,0.13969263826156433,-0.0015158859169706524,0.0008715608984997965
poisson_log,small,FEL_full,FEL_RSPL,beta1,200,0.06994359461401049,0.06980493652234017,1.937726464109814e-05,1.047407015872202e-05
poisson_log,small,FEL_full,FEL_RSPL,tau2,200,0.1681183733671985,0.16059273076583305,0.0024737622888054206,0.000633178565111583
poisson_log,small,FEL_full,lme4_Laplace,beta0,200,0.13415717374596714,0.133919049118079,6.38355508151571e-05,2.8277377803216382e-05
poisson_log,small,FEL_full,lme4_Laplace,beta1,200,0.06994359461401049,0.06992880491221035,2.0686710790637845e-06,1.609754081206188e-06
poisson_log,small,FEL_full,lme4_Laplace,tau2,200,0.1681183733671985,0.16700995766660717,0.00037146150383084056,0.00019820769744941012
poisson_log,small,FEL_full,lme4_AGQ9,beta0,200,0.13415717374596714,0.13405487850317646,2.7436817004209684e-05,8.525490881590613e-06
poisson_log,small,FEL_full,lme4_AGQ9,beta1,200,0.06994359461401049,0.06993962635241081,5.550932142019218e-07,2.932901453912422e-07
poisson_log,small,FEL_full,lme4_AGQ9,tau2,200,0.1681183733671985,0.16787186707578436,8.282370812294863e-05,3.029300813070202e-05
poisson_log,small,FEL_full,glmmML_Laplace,beta0,200,0.13415717374596714,0.13400205383199665,4.159683631228432e-05,1.9350932826449215e-05
poisson_log,small,FEL_full,glmmML_Laplace,beta1,200,0.06994359461401049,0.06993399623123507,1.342598658637324e-06,1.5071757173480751e-06
poisson_log,small,FEL_full,glmmML_Laplace,tau2,200,0.1681183733671985,0.16712019573781497,0.000334627640187168,0.00018382707418900242
poisson_log,small,FEL_full,glmmML_GHQ20,beta0,200,0.13415717374596714,0.13405449790938215,2.7538857769069294e-05,8.51275003972298e-06
poisson_log,small,FEL_full,glmmML_GHQ20,beta1,200,0.06994359461401049,0.06994008301872684,4.912148626353743e-07,3.5076781272808884e-07
poisson_log,small,FEL_full,glmmML_GHQ20,tau2,200,0.1681183733671985,0.16787099842491338,8.311535145548604e-05,3.0074780098214494e-05
poisson_log,small,FEL_full,MASS_PQL,beta0,200,0.13415717374596714,0.14073354157391935,-0.0018077824564324673,0.0009257068594611288
poisson_log,small,FEL_full,MASS_PQL,beta1,200,0.06994359461401049,0.06977821801155185,2.3106718661379317e-05,1.3074657352414822e-05
poisson_log,small,FEL_full,MASS_PQL,tau2,200,0.1681183733671985,0.1631591450927402,0.001642880836238908,0.0011401687207707348
poisson_log,unbalanced,FEL_mean,FEL_Laplace_EM,beta0,142,0.13923944969733126,0.13459499796463315,0.001271810874916044,0.0006274470612425069
poisson_log,unbalanced,FEL_mean,FEL_Laplace_EM,beta1,142,0.03409786910408127,0.034060116441376846,2.5731454389107127e-06,1.3812511726007131e-06
poisson_log,unbalanced,FEL_mean,FEL_Laplace_EM,tau2,142,0.1308619583954751,0.13658915799937463,-0.0015317459278790706,0.00023880534231374292
poisson_log,unbalanced,FEL_mean,FEL_MSPL,beta0,142,0.13923944969733126,0.1345941869246939,0.001272029198096203,0.0006271002338343948
poisson_log,unbalanced,FEL_mean,FEL_MSPL,beta1,142,0.03409786910408127,0.03406010130162437,2.574176762145932e-06,1.3816018834958317e-06
poisson_log,unbalanced,FEL_mean,FEL_MSPL,tau2,142,0.1308619583954751,0.13658835637214495,-0.001531526941345012,0.00023877951907164482
poisson_log,unbalanced,FEL_mean,FEL_RSPL,beta0,142,0.13923944969733126,0.13473816430327185,0.0012332514322001644,0.0005919226227655694
poisson_log,unbalanced,FEL_mean,FEL_RSPL,beta1,142,0.03409786910408127,0.03405579941615911,2.8672035653967693e-06,1.3041179753306374e-06
poisson_log,unbalanced,FEL_mean,FEL_RSPL,tau2,142,0.1308619583954751,0.12868615071689066,0.0005647267687687588,8.644202992024832e-05
poisson_log,unbalanced,FEL_mean,lme4_Laplace,beta0,142,0.13923944969733126,0.13914991160977233,2.4926451008189218e-05,5.545175748337712e-06
poisson_log,unbalanced,FEL_mean,lme4_Laplace,beta1,142,0.03409786910408127,0.03409733574025062,3.63728556882291e-08,4.5532573606863016e-08
poisson_log,unbalanced,FEL_mean,lme4_Laplace,tau2,142,0.1308619583954751,0.13126010028782495,-0.00010436177247080847,1.8096247418882742e-05
poisson_log,unbalanced,FEL_mean,lme4_AGQ9,beta0,142,0.13923944969733126,0.13922768916625006,3.2749214417043116e-06,1.0409921906827644e-06
poisson_log,unbalanced,FEL_mean,lme4_AGQ9,beta1,142,0.03409786910408127,0.034096866002471596,6.840624855654859e-08,4.2671344017130556e-08
poisson_log,unbalanced,FEL_mean,lme4_AGQ9,tau2,142,0.1308619583954751,0.13055426523778396,8.043598332140902e-05,1.6535918176811373e-05
poisson_log,unbalanced,FEL_mean,glmmML_Laplace,beta0,142,0.13923944969733126,0.13919117247259527,1.3441857719885257e-05,3.535046509439318e-06
poisson_log,unbalanced,FEL_mean,glmmML_Laplace,beta1,142,0.03409786910408127,0.0340949703157722,1.976766056725373e-07,1.2245534127315673e-07
poisson_log,unbalanced,FEL_mean,glmmML_Laplace,tau2,142,0.1308619583954751,0.1312436835114891,-0.00010005230656485661,1.6743899400745688e-05
poisson_log,unbalanced,FEL_mean,glmmML_GHQ20,beta0,142,0.13923944969733126,0.13922518693095656,3.971676055849047e-06,2.953198480369325e-06
poisson_log,unbalanced,FEL_mean,glmmML_GHQ20,beta1,142,0.03409786910408127,0.03409587051643584,1.3629116550121033e-07,1.0057987080545629e-07
poisson_log,unbalanced,FEL_mean,glmmML_GHQ20,tau2,142,0.1308619583954751,0.1305449079793816,8.287915575384872e-05,1.6728675847122936e-05
poisson_log,unbalanced,FEL_mean,MASS_PQL,beta0,142,0.13923944969733126,0.13459424476629553,0.0012720136278061745,0.0006271078713851784
poisson_log,unbalanced,FEL_mean,MASS_PQL,beta1,142,0.03409786910408127,0.03406009732582781,2.574447594197412e-06,1.381631133850158e-06
poisson_log,unbalanced,FEL_mean,MASS_PQL,tau2,142,0.1308619583954751,0.13659117495570985,-0.001532296920682281,0.0002388581848568137
poisson_log,unbalanced,FEL_full,FEL_Laplace_EM,beta0,117,0.14430400991722858,0.139102222305065,0.0014742190279838842,0.0007173387526976375
poisson_log,unbalanced,FEL_full,FEL_Laplace_EM,beta1,117,0.03457973983558275,0.03453755549254472,2.915667695982502e-06,1.6620867166430636e-06
poisson_log,unbalanced,FEL_full,FEL_Laplace_EM,tau2,117,0.13906953363558144,0.14694467913379303,-0.0022524035401152694,0.00024040240307046627
poisson_log,unbalanced,FEL_full,FEL_MSPL,beta0,117,0.14430400991722858,0.13910188770967707,0.0014743121137959997,0.0007169661048324986
poisson_log,unbalanced,FEL_full,FEL_MSPL,beta1,117,0.03457973983558275,0.03453753786864329,2.9168850686188605e-06,1.6624905672093945e-06
poisson_log,unbalanced,FEL_full,FEL_MSPL,tau2,117,0.13906953363558144,0.14694374102073873,-0.0022521278395518135,0.00024037813576962137
poisson_log,unbalanced,FEL_full,FEL_RSPL,beta0,117,0.14430400991722858,0.1393057560299414,0.0014175536151180474,0.0006769509487679893
poisson_log,unbalanced,FEL_full,FEL_RSPL,beta1,117,0.03457973983558275,0.0345319304646231,3.3041854830230592e-06,1.5373440260329692e-06
poisson_log,unbalanced,FEL_full,FEL_RSPL,tau2,117,0.13906953363558144,0.136985283209917,0.000575367369516948,8.787790798826515e-05
poisson_log,unbalanced,FEL_full,lme4_Laplace,beta0,117,0.14430400991722858,0.1441566158708811,4.2517378846836036e-05,1.0310142234731457e-05
poisson_log,unbalanced,FEL_full,lme4_Laplace,beta1,117,0.03457973983558275,0.034579435273340155,2.106327346682747e-08,1.010263694458025e-07
poisson_log,unbalanced,FEL_full,lme4_Laplace,tau2,117,0.13906953363558144,0.14012907299632538,-0.0002958219131913707,3.618659657107216e-05
poisson_log,unbalanced,FEL_full,lme4_AGQ9,beta0,117,0.14430400991722858,0.14423763815849144,1.9151016651695292e-05,4.068366581535028e-06
poisson_log,unbalanced,FEL_full,lme4_AGQ9,beta1,117,0.03457973983558275,0.03457885689453915,6.106296357029337e-08,3.008320227057636e-08
poisson_log,unbalanced,FEL_full,lme4_AGQ9,tau2,117,0.13906953363558144,0.1391541878435686,-2.3552808785055134e-05,3.7403357432220088e-06
poisson_log,unbalanced,FEL_full,glmmML_Laplace,beta0,117,0.14430400991722858,0.14419808987434604,3.055815478162837e-05,7.494611012516219e-06
poisson_log,unbalanced,FEL_full,glmmML_Laplace,beta1,117,0.03457973983558275,0.034580051992608725,-2.1588714934514143e-08,9.697014596599266e-08
poisson_log,unbalanced,FEL_full,glmmML_Laplace,tau2,117,0.13906953363558144,0.14009533871382682,-0.00028636874372373836,3.5131423214566934e-05
poisson_log,unbalanced,FEL_full,glmmML_GHQ20,beta0,117,0.14430400991722858,0.14423733080432838,1.923968063434797e-05,4.655767640100682e-06
poisson_log,unbalanced,FEL_full,glmmML_GHQ20,beta1,117,0.03457973983558275,0.03457663357663711,2.148176035590094e-07,9.516849016609886e-08
poisson_log,unbalanced,FEL_full,glmmML_GHQ20,tau2,117,0.13906953363558144,0.13914208569419972,-2.0184825713901684e-05,4.2787232778728e-06
poisson_log,unbalanced,FEL_full,MASS_PQL,beta0,117,0.14430400991722858,0.13910195791185537,0.001474292583280022,0.0007169747215322347
poisson_log,unbalanced,FEL_full,MASS_PQL,beta1,117,0.03457973983558275,0.03453753280644233,2.917234740507795e-06,1.6625291222122842e-06
poisson_log,unbalanced,FEL_full,MASS_PQL,tau2,117,0.13906953363558144,0.1469470771792107,-0.0022531083058947854,0.000240462912894871
