family,setting,method,parameter,truth,planned,applicable,returned,converged,convergence_rate,convergence_mcse,bias,bias_mcse,variance,rmse,rmse_mcse,coverage,coverage_n,boundary_rate,warning_rate,median_seconds,re_mse,all_finite_n,all_finite_bias,all_finite_rmse
binomial_logit,many_small,FEL_Laplace_EM,beta0,-0.5,40,40,40,32,0.8,0.06324555320336758,0.020704118904388225,0.02807888511779916,0.02522956126267402,0.15770161068556815,0.021492464069787123,0.90625,32,0.0,0.2,1.835000000000005,0.3605573633687693,40,0.016798269685034704,0.15124334564129047
binomial_logit,many_small,FEL_Laplace_EM,beta1,0.5,40,40,40,32,0.8,0.06324555320336758,0.03708526750641154,0.021992986405901218,0.015478126433604987,0.1279443318345011,0.01743082223869523,0.96875,32,0.0,0.2,1.835000000000005,0.3605573633687693,40,0.030819219412033035,0.1490999342916407
binomial_logit,many_small,FEL_Laplace_EM,tau2,0.5,40,40,40,32,0.8,0.06324555320336758,-0.14131404961563643,0.03592773430160052,0.041305666945484876,0.24491738499381588,0.019128824521715937,,0,0.0,0.2,1.835000000000005,0.3605573633687693,40,-0.20815228016916645,0.3053862017425151
binomial_logit,many_small,FEL_MSPL,beta0,-0.5,40,40,40,30,0.75,0.06846531968814576,0.004972137298554275,0.027545609978946218,0.022762818873366644,0.14842095671962938,0.023090511030659303,0.9333333333333333,30,0.0,0.25,0.6050000000000184,0.35569613124172206,40,0.01680234134355823,0.15124360966645223
binomial_logit,many_small,FEL_MSPL,beta1,0.5,40,40,40,30,0.75,0.06846531968814576,0.04416429562455844,0.02199569486037545,0.014514317771722412,0.12641594910194304,0.01848187103955816,0.9666666666666667,30,0.0,0.25,0.6050000000000184,0.35569613124172206,40,0.03080646665756643,0.14909669666580244
binomial_logit,many_small,FEL_MSPL,tau2,0.5,40,40,40,30,0.75,0.06846531968814576,-0.1231598603067941,0.03590840312442283,0.03868240244838178,0.22926260101513452,0.018195113768239304,,0,0.0,0.25,0.6050000000000184,0.35569613124172206,40,-0.20883689486085863,0.30643925854861004
binomial_logit,many_small,FEL_RSPL,beta0,-0.5,40,40,40,32,0.8,0.06324555320336758,0.019387927682369303,0.028162128685448564,0.025379375747064475,0.157994183420737,0.021502158995015043,0.90625,32,0.0,0.2,0.604999999999954,0.3573480336102259,40,0.015728746717117967,0.1514969022344123
binomial_logit,many_small,FEL_RSPL,beta1,0.5,40,40,40,32,0.8,0.06324555320336758,0.038640228597653245,0.022144205575787692,0.015691706898647895,0.12920684317846345,0.01782998647773065,0.96875,32,0.0,0.2,0.604999999999954,0.3573480336102259,40,0.032136720620332966,0.14993155463602992
binomial_logit,many_small,FEL_RSPL,tau2,0.5,40,40,40,32,0.8,0.06324555320336758,-0.10605480252631669,0.03730943689038074,0.044543810594473716,0.233236870267744,0.02011992185990433,,0,0.0,0.2,0.604999999999954,0.3573480336102259,40,-0.17750234096641368,0.294263407029582
binomial_logit,many_small,FEL_full,beta0,-0.5,40,40,40,30,0.75,0.06846531968814576,-0.04984323898976456,0.03146354013893443,0.029698630742230146,0.1766154717377461,0.02401768463949049,0.9333333333333333,30,0.0,0.25,7.474999999999965,0.3752342429585251,40,-0.024636824772577223,0.17201057577815854
binomial_logit,many_small,FEL_full,beta1,0.5,40,40,40,30,0.75,0.06846531968814576,0.1027123649592952,0.02608529060539772,0.020413271579041513,0.17401913431747934,0.029616344429271513,0.9333333333333333,30,0.0,0.25,7.474999999999965,0.3752342429585251,40,0.0753367303628236,0.18148653724477462
binomial_logit,many_small,FEL_full,tau2,0.5,40,40,40,30,0.75,0.06846531968814576,0.12619651962037523,0.07073659459759478,0.15010997445793423,0.40128776483586626,0.07602201908286838,,0,0.0,0.25,7.474999999999965,0.3752342429585251,40,-0.01965410358986651,0.4164376315424606
binomial_logit,many_small,FEL_mean,beta0,-0.5,40,40,40,32,0.8,0.06324555320336758,-0.019608745130413593,0.031373282169534285,0.031497050690854976,0.1757761950389053,0.022028202440745683,0.90625,32,0.0,0.2,4.40500000000001,0.36866620155526075,40,-0.01545202154280675,0.1664227381832094
binomial_logit,many_small,FEL_mean,beta1,0.5,40,40,40,32,0.8,0.06324555320336758,0.08040785249290647,0.02514421179311514,0.020231404374304974,0.16144533356566534,0.02577917860120804,0.96875,32,0.0,0.2,4.40500000000001,0.36866620155526075,40,0.06547728740122898,0.17316658266251367
binomial_logit,many_small,FEL_mean,tau2,0.5,40,40,40,32,0.8,0.06324555320336758,-0.03007614574453371,0.05601192918127748,0.10039475873947021,0.3133081503435686,0.04511128514093491,,0,0.0,0.2,4.40500000000001,0.36866620155526075,40,-0.11916195707228429,0.3518560920238833
binomial_logit,many_small,MASS_PQL,beta0,-0.5,40,40,40,40,1.0,0.0,0.016805871717313244,0.02406834139742192,0.023171402304914147,0.1512433620740761,0.01834860650001418,0.925,40,0.075,0.0,0.0400000000000773,0.38484303313980106,40,0.016805871717313244,0.1512433620740761
binomial_logit,many_small,MASS_PQL,beta1,0.5,40,40,40,40,1.0,0.0,0.03079479556431838,0.023358956699318898,0.021825634323226206,0.1490916258513325,0.02039967835956224,0.925,40,0.075,0.0,0.0400000000000773,0.38484303313980106,40,0.03079479556431838,0.14909162585133248
binomial_logit,many_small,MASS_PQL,tau2,0.5,40,40,40,40,1.0,0.0,-0.20959081909048202,0.0360485451774689,0.051979904376480666,0.3075853023375594,0.02183174785923707,,0,0.075,0.0,0.0400000000000773,0.38484303313980106,40,-0.20959081909048202,0.3075853023375594
binomial_logit,many_small,glmmML_GHQ20,beta0,-0.5,40,40,40,40,1.0,0.0,-0.0207426231009978,0.02685689210610345,0.028851706143955273,0.16899902338021494,0.019259957173269084,0.925,40,0.075,0.0,0.109999999999999,0.3906273928448778,40,-0.0207426231009978,0.16899902338021497
binomial_logit,many_small,glmmML_GHQ20,beta1,0.5,40,40,40,40,1.0,0.0,0.07084978473120497,0.026094641980369933,0.027237213603347393,0.17769630063600592,0.024385726192186655,0.925,40,0.075,0.0,0.109999999999999,0.3906273928448778,40,0.07084978473120497,0.1776963006360059
binomial_logit,many_small,glmmML_GHQ20,tau2,0.5,40,40,40,40,1.0,0.0,-0.04262838813630081,0.062080529901338305,0.15415968771323837,0.3900293258147476,0.04710986498703735,,0,0.075,0.0,0.109999999999999,0.3906273928448778,40,-0.04262838813630081,0.39002932581474753
binomial_logit,many_small,glmmML_Laplace,beta0,-0.5,40,40,40,40,1.0,0.0,-0.015547529517683628,0.026505890581294378,0.028102489420302,0.16625779037054983,0.019058144917302306,0.925,40,0.075,0.0,0.0199999999999818,0.3886721930532668,40,-0.015547529517683628,0.16625779037054983
binomial_logit,many_small,glmmML_Laplace,beta1,0.5,40,40,40,40,1.0,0.0,0.06556612711908448,0.02570564240668039,0.02643120206160501,0.17340512978415842,0.023744177083380946,0.925,40,0.075,0.0,0.0199999999999818,0.3886721930532668,40,0.06556612711908448,0.17340512978415842
binomial_logit,many_small,glmmML_Laplace,tau2,0.5,40,40,40,40,1.0,0.0,-0.1241511643114726,0.05225377747770034,0.10921829042756093,0.3491437308140677,0.03265757310027149,,0,0.075,0.0,0.0199999999999818,0.3886721930532668,40,-0.1241511643114726,0.34914373081406774
binomial_logit,many_small,lme4_AGQ9,beta0,-0.5,40,40,40,40,1.0,0.0,-0.020763781475217173,0.02685881950987459,0.02885584741856079,0.1690135670715441,0.01926272816527277,0.925,40,0.075,0.0,0.0800000000000409,0.3906263176411644,40,-0.020763781475217173,0.1690135670715441
binomial_logit,many_small,lme4_AGQ9,beta1,0.5,40,40,40,40,1.0,0.0,0.07081639852557263,0.026091970920013446,0.02723163785963309,0.1776676932176331,0.02439037025850936,0.925,40,0.075,0.0,0.0800000000000409,0.3906263176411644,40,0.07081639852557263,0.1776676932176331
binomial_logit,many_small,lme4_AGQ9,tau2,0.5,40,40,40,40,1.0,0.0,-0.04247165560985233,0.06211463131606578,0.15432909694123118,0.3902239242383049,0.0472836343060869,,0,0.075,0.0,0.0800000000000409,0.3906263176411644,40,-0.04247165560985233,0.3902239242383049
binomial_logit,many_small,lme4_Laplace,beta0,-0.5,40,40,40,40,1.0,0.0,-0.01529831769302563,0.026475116777103007,0.02803727233444964,0.16604330474404905,0.01904563763753213,0.925,40,0.075,0.0,0.0600000000000023,0.3886164891957117,40,-0.01529831769302563,0.16604330474404905
binomial_logit,many_small,lme4_Laplace,beta1,0.5,40,40,40,40,1.0,0.0,0.06533047780162897,0.025703274903265894,0.026426333630114335,0.1733024714744444,0.02375255571544944,0.925,40,0.075,0.0,0.0600000000000023,0.3886164891957117,40,0.06533047780162897,0.1733024714744444
binomial_logit,many_small,lme4_Laplace,tau2,0.5,40,40,40,40,1.0,0.0,-0.1248797254500293,0.0521280700443637,0.10869342746200353,0.3486703853267842,0.032623406654326156,,0,0.075,0.0,0.0600000000000023,0.3886164891957117,40,-0.1248797254500293,0.3486703853267842
binomial_logit,rich,FEL_Laplace_EM,beta0,-0.5,40,40,40,40,1.0,0.0,0.02802395382002293,0.02228060698044914,0.01985701789668956,0.14193637460841071,0.012895813399416629,0.925,40,0.0,0.0,0.355000000000004,0.1777354423664665,40,0.02802395382002293,0.14193637460841071
binomial_logit,rich,FEL_Laplace_EM,beta1,0.5,40,40,40,40,1.0,0.0,-0.031987751996280726,0.014589731888347167,0.008514411062954167,0.09656483347552501,0.009232984107902568,0.95,40,0.0,0.0,0.355000000000004,0.1777354423664665,40,-0.031987751996280726,0.09656483347552501
binomial_logit,rich,FEL_Laplace_EM,tau2,0.5,40,40,40,40,1.0,0.0,-0.024135910893629275,0.03791019354744412,0.05748731099218694,0.23797619715435298,0.0266728275065109,,0,0.0,0.0,0.355000000000004,0.1777354423664665,40,-0.024135910893629275,0.23797619715435295
binomial_logit,rich,FEL_MSPL,beta0,-0.5,40,40,40,40,1.0,0.0,0.028023169666111254,0.022280661114199973,0.01985711438743291,0.14193655119764867,0.012895838384678556,0.925,40,0.0,0.0,0.110000000000014,0.17773582977033317,40,0.028023169666111254,0.14193655119764867
binomial_logit,rich,FEL_MSPL,beta1,0.5,40,40,40,40,1.0,0.0,-0.031987899155948976,0.014589728411072983,0.008514407004354806,0.09656486173374401,0.00923298627977821,0.95,40,0.0,0.0,0.110000000000014,0.17773582977033317,40,-0.031987899155948976,0.096564861733744
binomial_logit,rich,FEL_MSPL,tau2,0.5,40,40,40,40,1.0,0.0,-0.024137995102443927,0.03791044851360333,0.05748808426010277,0.23797799259840352,0.0266727057483614,,0,0.0,0.0,0.110000000000014,0.17773582977033317,40,-0.024137995102443927,0.2379779925984035
binomial_logit,rich,FEL_RSPL,beta0,-0.5,40,40,40,40,1.0,0.0,0.026752089969457448,0.022356108849577335,0.019991824115766003,0.14215379991616756,0.012899215411028847,0.925,40,0.0,0.0,0.110000000000014,0.176855807825258,40,0.026752089969457448,0.14215379991616756
binomial_logit,rich,FEL_RSPL,beta1,0.5,40,40,40,40,1.0,0.0,-0.03085512413022845,0.014620723018363296,0.008550621663187933,0.0963789126661016,0.009211335629907759,0.95,40,0.0,0.0,0.110000000000014,0.176855807825258,40,-0.03085512413022845,0.0963789126661016
binomial_logit,rich,FEL_RSPL,tau2,0.5,40,40,40,40,1.0,0.0,0.004048553538983769,0.039581922160387056,0.06266914247643761,0.24722217679707595,0.030818115726289536,,0,0.0,0.0,0.110000000000014,0.176855807825258,40,0.004048553538983769,0.24722217679707595
binomial_logit,rich,FEL_full,beta0,-0.5,40,40,40,40,1.0,0.0,0.007791543092076479,0.023477746103799504,0.022048182484578915,0.14682535907063238,0.01329741588139213,0.925,40,0.0,0.0,1.205000000000015,0.17908366649054389,40,0.007791543092076479,0.14682535907063235
binomial_logit,rich,FEL_full,beta1,0.5,40,40,40,40,1.0,0.0,-0.014419563915438124,0.015134574885135829,0.009162214278151367,0.09560900974651389,0.009044981701033097,0.95,40,0.0,0.0,1.205000000000015,0.17908366649054389,40,-0.014419563915438124,0.09560900974651389
binomial_logit,rich,FEL_full,tau2,0.5,40,40,40,40,1.0,0.0,0.03259130786585032,0.04399180861144037,0.07741116899622397,0.2766551700578267,0.039016567348351544,,0,0.0,0.0,1.205000000000015,0.17908366649054389,40,0.03259130786585032,0.27665517005782664
binomial_logit,rich,FEL_mean,beta0,-0.5,40,40,40,40,1.0,0.0,0.008363049719082869,0.02344408734209823,0.021985009252157215,0.1466469386705946,0.013278975019783373,0.925,40,0.0,0.0,0.8400000000000035,0.17918606779636773,40,0.008363049719082869,0.14664693867059458
binomial_logit,rich,FEL_mean,beta1,0.5,40,40,40,40,1.0,0.0,-0.014904703209806205,0.015121756233814137,0.009146700463795867,0.09560430497615355,0.009044188147866013,0.95,40,0.0,0.0,0.8400000000000035,0.17918606779636773,40,-0.014904703209806205,0.09560430497615353
binomial_logit,rich,FEL_mean,tau2,0.5,40,40,40,40,1.0,0.0,0.022878919456221655,0.04345692643336882,0.0755401782014092,0.2723510945486694,0.03752279037686921,,0,0.0,0.0,0.8400000000000035,0.17918606779636773,40,0.022878919456221655,0.27235109454866935
binomial_logit,rich,MASS_PQL,beta0,-0.5,40,40,40,40,1.0,0.0,0.02802400391968665,0.02228059087053018,0.01985698918159811,0.1419362858741512,0.012895821265601721,0.925,40,0.0,0.0,0.0499999999999545,0.17773558147202348,40,0.02802400391968665,0.14193628587415116
binomial_logit,rich,MASS_PQL,beta1,0.5,40,40,40,40,1.0,0.0,-0.03198850146808025,0.01458971120835721,0.00851438692573056,0.09656495989105297,0.009233010667248033,0.95,40,0.0,0.0,0.0499999999999545,0.17773558147202348,40,-0.03198850146808025,0.09656495989105297
binomial_logit,rich,MASS_PQL,tau2,0.5,40,40,40,40,1.0,0.0,-0.024156202499999998,0.03790772351191967,0.05747982007424589,0.23796291032766168,0.026671839361606827,,0,0.0,0.0,0.0499999999999545,0.17773558147202348,40,-0.024156202499999998,0.23796291032766165
binomial_logit,rich,glmmML_GHQ20,beta0,-0.5,40,40,40,40,1.0,0.0,0.008059245116003652,0.02345727990854888,0.022009759228320432,0.14671218994838925,0.013285758289163577,0.925,40,0.0,0.0,0.204999999999984,0.17826518626710436,40,0.008059245116003652,0.14671218994838925
binomial_logit,rich,glmmML_GHQ20,beta1,0.5,40,40,40,40,1.0,0.0,-0.0150079890363787,0.015121445785072575,0.009146324905235566,0.09561854693269889,0.009046571740367633,0.95,40,0.0,0.0,0.204999999999984,0.17826518626710436,40,-0.0150079890363787,0.09561854693269889
binomial_logit,rich,glmmML_GHQ20,tau2,0.5,40,40,40,40,1.0,0.0,0.03176173981539613,0.04390776999440631,0.07711569063526746,0.2760373280654026,0.03873240751007353,,0,0.0,0.0,0.204999999999984,0.17826518626710436,40,0.03176173981539613,0.27603732806540254
binomial_logit,rich,glmmML_Laplace,beta0,-0.5,40,40,40,40,1.0,0.0,0.00841825208410603,0.02343760548017475,0.0219728540257727,0.14660968468447075,0.013271729430745683,0.925,40,0.0,0.0,0.030000000000015348,0.17846577704828823,40,0.00841825208410603,0.14660968468447072
binomial_logit,rich,glmmML_Laplace,beta1,0.5,40,40,40,40,1.0,0.0,-0.014948196054938646,0.015121402172137158,0.009146272146060574,0.0956089112358568,0.009042861381268965,0.95,40,0.0,0.0,0.030000000000015348,0.17846577704828823,40,-0.014948196054938646,0.09560891123585678
binomial_logit,rich,glmmML_Laplace,tau2,0.5,40,40,40,40,1.0,0.0,0.0218365929401051,0.04329419035870859,0.07497547675264382,0.27125251450458404,0.03716965362707808,,0,0.0,0.0,0.030000000000015348,0.17846577704828823,40,0.0218365929401051,0.27125251450458404
binomial_logit,rich,lme4_AGQ9,beta0,-0.5,40,40,40,40,1.0,0.0,0.008040755850013405,0.02346046885760242,0.02201574396074132,0.14673106050309292,0.013286165897270103,0.925,40,0.0,0.0,0.139999999999986,0.17826887212346734,40,0.008040755850013405,0.1467310605030929
binomial_logit,rich,lme4_AGQ9,beta1,0.5,40,40,40,40,1.0,0.0,-0.01500580030787682,0.015119693332459324,0.009144205058704597,0.09560739498133426,0.009045770563648275,0.95,40,0.0,0.0,0.139999999999986,0.17826887212346734,40,-0.01500580030787682,0.09560739498133425
binomial_logit,rich,lme4_AGQ9,tau2,0.5,40,40,40,40,1.0,0.0,0.031813281729981824,0.043912330239157936,0.07713170988131457,0.27607155237132436,0.038731608818065213,,0,0.0,0.0,0.139999999999986,0.17826887212346734,40,0.031813281729981824,0.27607155237132436
binomial_logit,rich,lme4_Laplace,beta0,-0.5,40,40,40,40,1.0,0.0,0.008500732847552725,0.02343017320809442,0.02195892066245222,0.14656810739324014,0.013267012681368798,0.925,40,0.0,0.0,0.0900000000000318,0.1784557478221758,40,0.008500732847552725,0.14656810739324014
binomial_logit,rich,lme4_Laplace,beta1,0.5,40,40,40,40,1.0,0.0,-0.015039830425829653,0.01511861033332386,0.009142895136435479,0.09560606286874439,0.009043644917050295,0.95,40,0.0,0.0,0.0900000000000318,0.1784557478221758,40,-0.015039830425829653,0.09560606286874437
binomial_logit,rich,lme4_Laplace,tau2,0.5,40,40,40,40,1.0,0.0,0.02169084420205377,0.04327234099376785,0.07489981980323687,0.27110480820220384,0.03709178392448986,,0,0.0,0.0,0.0900000000000318,0.1784557478221758,40,0.02169084420205377,0.27110480820220384
binomial_logit,small,FEL_Laplace_EM,beta0,-0.5,40,40,40,32,0.8,0.06324555320336758,0.043903606093370406,0.04893911850903952,0.07664119425413808,0.27599580352189795,0.029602403506487757,0.875,32,0.0,0.2,1.22999999999999,0.3713072603249919,40,0.05437987544143865,0.2574043812922351
binomial_logit,small,FEL_Laplace_EM,beta1,0.5,40,40,40,32,0.8,0.06324555320336758,0.03463555342567127,0.04260881626105833,0.058096359141396124,0.23975084875622446,0.03283106930269999,0.90625,32,0.0,0.2,1.22999999999999,0.3713072603249919,40,0.011623473256391476,0.24974696661378828
binomial_logit,small,FEL_Laplace_EM,tau2,0.5,40,40,40,32,0.8,0.06324555320336758,-0.03273592027867603,0.04345771661692059,0.060434340273810436,0.2441667619000295,0.02777861816473645,,0,0.0,0.2,1.22999999999999,0.3713072603249919,40,-0.12250469668795552,0.30675757069114634
binomial_logit,small,FEL_MSPL,beta0,-0.5,40,40,40,32,0.8,0.06324555320336758,0.04390429791998282,0.048939040504329206,0.0766409499355,0.27599548479252745,0.02960236425742853,0.875,32,0.0,0.2,0.460000000000022,0.3713111944032565,40,0.05438447997949906,0.2574080962551833
binomial_logit,small,FEL_MSPL,beta1,0.5,40,40,40,32,0.8,0.06324555320336758,0.034634491271480244,0.04260879769094146,0.05809630850136251,0.23975059300516688,0.03283105971302782,0.90625,32,0.0,0.2,0.460000000000022,0.3713111944032565,40,0.011611285034929367,0.24976864510112834
binomial_logit,small,FEL_MSPL,tau2,0.5,40,40,40,32,0.8,0.06324555320336758,-0.03275967484487547,0.0434595626777415,0.06043947482049735,0.24418013336121097,0.027779302976430022,,0,0.0,0.2,0.460000000000022,0.3713111944032565,40,-0.12357964130855811,0.30843424568492767
binomial_logit,small,FEL_RSPL,beta0,-0.5,40,40,40,32,0.8,0.06324555320336758,0.04106823218909019,0.04922086239474054,0.07752618543622347,0.27711025213167145,0.029709614715830182,0.875,32,0.0,0.2,0.480000000000018,0.3699220120465336,40,0.052055079097371726,0.2583148408831901
binomial_logit,small,FEL_RSPL,beta1,0.5,40,40,40,32,0.8,0.06324555320336758,0.038515905525418254,0.042888251196990544,0.058860866903557144,0.24187794399503218,0.03329072236528639,0.90625,32,0.0,0.2,0.480000000000018,0.3699220120465336,40,0.014764709749882346,0.2512908023192095
binomial_logit,small,FEL_RSPL,tau2,0.5,40,40,40,32,0.8,0.06324555320336758,0.04674527081675142,0.0466049018825194,0.06950454014333633,0.26366198741492586,0.03426203994101398,,0,0.0,0.2,0.480000000000018,0.3699220120465336,40,-0.05392225306512798,0.31214137191746755
binomial_logit,small,FEL_full,beta0,-0.5,40,40,40,31,0.775,0.06602556323122129,-0.009335659901853356,0.0565158787852216,0.0990153812008417,0.30969096078474573,0.03468153760350906,0.8387096774193549,31,0.0,0.225,4.46000000000001,0.42276295623200794,40,0.006124310547607326,0.2846724260461474
binomial_logit,small,FEL_full,beta1,0.5,40,40,40,31,0.775,0.06602556323122129,0.08869845956811305,0.04771197994732419,0.07056942394530984,0.27597175153368897,0.045140432011014114,0.9032258064516129,31,0.0,0.225,4.46000000000001,0.42276295623200794,40,0.06724750191660908,0.2897060092421559
binomial_logit,small,FEL_full,tau2,0.5,40,40,40,31,0.775,0.06602556323122129,0.3238712689404702,0.08574891667868888,0.22793917805863056,0.57050758118729,0.0879530978515869,,0,0.0,0.225,4.46000000000001,0.42276295623200794,40,0.146010481516898,0.5492374851141162
binomial_logit,small,FEL_mean,beta0,-0.5,40,40,40,32,0.8,0.06324555320336758,-0.004054304939298295,0.053970490384379254,0.09321004263457194,0.3005223222836906,0.03276132747355739,0.84375,32,0.0,0.2,3.220000000000015,0.39583439033339457,40,0.01601354661530369,0.2785121211216951
binomial_logit,small,FEL_mean,beta1,0.5,40,40,40,32,0.8,0.06324555320336758,0.08940147560434562,0.04754221597130106,0.07232839358277868,0.27939354882235784,0.04143466675733085,0.875,32,0.0,0.2,3.220000000000015,0.39583439033339457,40,0.05543621099933096,0.2807806543338869
binomial_logit,small,FEL_mean,tau2,0.5,40,40,40,32,0.8,0.06324555320336758,0.1395559891464592,0.06989738195449634,0.15634060813096803,0.4134378287403342,0.06818756495406424,,0,0.0,0.2,3.220000000000015,0.39583439033339457,40,0.015328830852152649,0.42796139039609005
binomial_logit,small,MASS_PQL,beta0,-0.5,40,40,40,40,1.0,0.0,0.054389983873682865,0.04028816122360568,0.06492543739116978,0.257411289189441,0.026522675189072354,0.9,40,0.1,0.0,0.0399999999999636,0.4026444894155546,40,0.054389983873682865,0.257411289189441
binomial_logit,small,MASS_PQL,beta1,0.5,40,40,40,40,1.0,0.0,0.011601754516263945,0.03995479169592889,0.06385541517860271,0.2497871704211273,0.027633728753116777,0.9,40,0.1,0.0,0.0399999999999636,0.4026444894155546,40,0.011601754516263945,0.2497871704211273
binomial_logit,small,MASS_PQL,tau2,0.5,40,40,40,40,1.0,0.0,-0.12491238847085187,0.0455117520611442,0.08285278302700254,0.31045864176218463,0.02579028526500648,,0,0.1,0.0,0.0399999999999636,0.4026444894155546,40,-0.12491238847085187,0.31045864176218463
binomial_logit,small,glmmML_GHQ20,beta0,-0.5,40,40,40,40,1.0,0.0,0.01158021871469313,0.04491492202023345,0.08069400880334607,0.28073254184141627,0.029836142275954613,0.875,40,0.1,0.0,0.049999999999968694,0.4268935279042364,40,0.01158021871469313,0.28073254184141627
binomial_logit,small,glmmML_GHQ20,beta1,0.5,40,40,40,40,1.0,0.0,0.06043464910781505,0.044463288052700854,0.079079359378298,0.28417375354987534,0.03494368983452506,0.875,40,0.1,0.0,0.049999999999968694,0.4268935279042364,40,0.06043464910781505,0.28417375354987534
binomial_logit,small,glmmML_GHQ20,tau2,0.5,40,40,40,40,1.0,0.0,0.10886930900081551,0.07924929926634935,0.25121805736829605,0.5067446421782905,0.06265667761429455,,0,0.1,0.0,0.049999999999968694,0.4268935279042364,40,0.10886930900081551,0.5067446421782905
binomial_logit,small,glmmML_Laplace,beta0,-0.5,40,40,40,40,1.0,0.0,0.016540218792505713,0.04441410114829247,0.07890449523243019,0.2778587081401686,0.02937843589111189,0.875,40,0.1,0.0,0.004999999999995455,0.41756319487204846,40,0.016540218792505713,0.2778587081401686
binomial_logit,small,glmmML_Laplace,beta1,0.5,40,40,40,40,1.0,0.0,0.05489855323642916,0.04396992720839819,0.07733417994847343,0.28002620698287267,0.03400194640290632,0.875,40,0.1,0.0,0.004999999999995455,0.41756319487204846,40,0.05489855323642916,0.28002620698287267
binomial_logit,small,glmmML_Laplace,tau2,0.5,40,40,40,40,1.0,0.0,0.006303523006961688,0.0674167830535541,0.1818009054915992,0.42106486110409225,0.04975781091039155,,0,0.1,0.0,0.004999999999995455,0.41756319487204846,40,0.006303523006961688,0.42106486110409225
binomial_logit,small,lme4_AGQ9,beta0,-0.5,40,40,40,39,0.975,0.024685522072664386,0.010232690254096273,0.04606142308782007,0.08274453317813138,0.28412600449640735,0.03004766559066145,0.8717948717948718,39,0.125,0.025,0.0600000000000023,0.42057382184727615,40,0.011577552984101616,0.28073454334489056
binomial_logit,small,lme4_AGQ9,beta1,0.5,40,40,40,39,0.975,0.024685522072664386,0.05954571479514098,0.0456089173718661,0.08112676040951466,0.28738872492870216,0.035298899351633675,0.8717948717948718,39,0.125,0.025,0.0600000000000023,0.42057382184727615,40,0.06041959488558143,0.2841667341988906
binomial_logit,small,lme4_AGQ9,tau2,0.5,40,40,40,39,0.975,0.024685522072664386,0.12442809194060289,0.0797351090980486,0.24794981729223078,0.5070251273194774,0.06425623125871337,,0,0.125,0.025,0.0600000000000023,0.42057382184727615,40,0.10881739364071495,0.5068506818988926
binomial_logit,small,lme4_Laplace,beta0,-0.5,40,40,40,39,0.975,0.024685522072664386,0.015588071174475013,0.04553311707194118,0.08085732526119696,0.2811174994087888,0.02959766680701025,0.8717948717948718,39,0.125,0.025,0.0499999999999545,0.4108852880458032,40,0.016799049754836086,0.2777658354919917
binomial_logit,small,lme4_Laplace,beta1,0.5,40,40,40,39,0.975,0.024685522072664386,0.053624037159266384,0.04509817789746948,0.07931998033720038,0.28312836673280717,0.03434939738558789,0.8717948717948718,39,0.125,0.025,0.0499999999999545,0.4108852880458032,40,0.05464595998482785,0.2799658746833237
binomial_logit,small,lme4_Laplace,tau2,0.5,40,40,40,39,0.975,0.024685522072664386,0.018298247464458923,0.0677771675783124,0.17915603335260702,0.41820702381468794,0.05136299887987954,,0,0.125,0.025,0.0499999999999545,0.4108852880458032,40,0.005340795280121151,0.4204458144594466
binomial_logit,unbalanced,FEL_Laplace_EM,beta0,-0.5,40,40,40,40,1.0,0.0,0.0390018906017163,0.032009018237077316,0.04098308994006193,0.20366555958744872,0.019205613273730292,0.925,40,0.0,0.0,0.4450000000000215,0.2844149388794932,40,0.0390018906017163,0.20366555958744872
binomial_logit,unbalanced,FEL_Laplace_EM,beta1,0.5,40,40,40,40,1.0,0.0,-0.040244607523866695,0.013927600090435074,0.007759121771163484,0.09583721699650123,0.012893568796375047,0.975,40,0.0,0.0,0.4450000000000215,0.2844149388794932,40,-0.040244607523866695,0.09583721699650123
binomial_logit,unbalanced,FEL_Laplace_EM,tau2,0.5,40,40,40,40,1.0,0.0,-0.04960075558398475,0.036055931801739646,0.052001208723668015,0.23056758978676622,0.017674945733045868,,0,0.0,0.0,0.4450000000000215,0.2844149388794932,40,-0.04960075558398475,0.23056758978676622
binomial_logit,unbalanced,FEL_MSPL,beta0,-0.5,40,40,40,40,1.0,0.0,0.039002165012300485,0.03200909290650238,0.04098328114788405,0.2036660698173205,0.01920567299802506,0.925,40,0.0,0.0,0.1699999999999805,0.28441635979834545,40,0.039002165012300485,0.20366606981732047
binomial_logit,unbalanced,FEL_MSPL,beta1,0.5,40,40,40,40,1.0,0.0,-0.04024486877907521,0.013927595061306246,0.007759116167668886,0.09583729820128563,0.012893582047886787,0.975,40,0.0,0.0,0.1699999999999805,0.28441635979834545,40,-0.04024486877907521,0.09583729820128563
binomial_logit,unbalanced,FEL_MSPL,tau2,0.5,40,40,40,40,1.0,0.0,-0.049606457710226655,0.03605654126431446,0.052002966717808456,0.2305725334822423,0.01767506934024169,,0,0.0,0.0,0.1699999999999805,0.28441635979834545,40,-0.049606457710226655,0.2305725334822423
binomial_logit,unbalanced,FEL_RSPL,beta0,-0.5,40,40,40,40,1.0,0.0,0.03726937548179651,0.032001058251498266,0.040962709168631414,0.2032920258844866,0.01907220675214634,0.95,40,0.0,0.0,0.16500000000002052,0.28252744043529493,40,0.03726937548179651,0.20329202588448658
binomial_logit,unbalanced,FEL_RSPL,beta1,0.5,40,40,40,40,1.0,0.0,-0.038932511270678524,0.01393214882456536,0.007764190834793519,0.09531960185483987,0.012847659463304389,0.975,40,0.0,0.0,0.16500000000002052,0.28252744043529493,40,-0.038932511270678524,0.09531960185483986
binomial_logit,unbalanced,FEL_RSPL,tau2,0.5,40,40,40,40,1.0,0.0,-0.01209844793677738,0.03778883462812311,0.057119840902065455,0.23630111578660123,0.02122825460574387,,0,0.0,0.0,0.16500000000002052,0.28252744043529493,40,-0.01209844793677738,0.23630111578660123
binomial_logit,unbalanced,FEL_full,beta0,-0.5,40,40,40,40,1.0,0.0,0.013090455309484517,0.03396194594873289,0.04613655090498619,0.21249587561308372,0.020167864741681606,0.9,40,0.0,0.0,1.60999999999998,0.28800230903630386,40,0.013090455309484517,0.2124958756130837
binomial_logit,unbalanced,FEL_full,beta1,0.5,40,40,40,40,1.0,0.0,-0.021600108345408577,0.014267601132636563,0.008142577683200486,0.0916819389064927,0.012191872756593848,0.975,40,0.0,0.0,1.60999999999998,0.28800230903630386,40,-0.021600108345408577,0.0916819389064927
binomial_logit,unbalanced,FEL_full,tau2,0.5,40,40,40,40,1.0,0.0,0.02735314772018821,0.04467996975966791,0.07985198790899355,0.2803638402174416,0.029804128369846358,,0,0.0,0.0,1.60999999999998,0.28800230903630386,40,0.02735314772018821,0.2803638402174416
binomial_logit,unbalanced,FEL_mean,beta0,-0.5,40,40,40,40,1.0,0.0,0.014640485787267603,0.03389637517973939,0.04595857001302611,0.21218847656455722,0.020146953276300894,0.9,40,0.0,0.0,1.024999999999995,0.2874984488591017,40,0.014640485787267603,0.21218847656455722
binomial_logit,unbalanced,FEL_mean,beta1,0.5,40,40,40,40,1.0,0.0,-0.02260967414693162,0.014261752454308801,0.008135903322719325,0.09188962457580165,0.012242279151431898,0.975,40,0.0,0.0,1.024999999999995,0.2874984488591017,40,-0.02260967414693162,0.09188962457580163
binomial_logit,unbalanced,FEL_mean,tau2,0.5,40,40,40,40,1.0,0.0,0.004643400272547124,0.04269887120473879,0.07292774408635484,0.26669479119451706,0.02641805814460026,,0,0.0,0.0,1.024999999999995,0.2874984488591017,40,0.004643400272547124,0.26669479119451706
binomial_logit,unbalanced,MASS_PQL,beta0,-0.5,40,40,40,40,1.0,0.0,0.03900373797707955,0.032008818713384304,0.040982579017052045,0.20366469040511276,0.01920566770867503,0.925,40,0.0,0.0,0.0399999999999991,0.2844151446651266,40,0.03900373797707955,0.20366469040511273
binomial_logit,unbalanced,MASS_PQL,beta1,0.5,40,40,40,40,1.0,0.0,-0.0402459144838628,0.013927610034260513,0.007759132850657365,0.0958378221895371,0.012893577136056482,0.975,40,0.0,0.0,0.0399999999999991,0.2844151446651266,40,-0.0402459144838628,0.0958378221895371
binomial_logit,unbalanced,MASS_PQL,tau2,0.5,40,40,40,40,1.0,0.0,-0.049637997499999996,0.03605126637184094,0.051987752280537175,0.23054715194366152,0.01767164493111778,,0,0.0,0.0,0.0399999999999991,0.2844151446651266,40,-0.049637997499999996,0.2305471519436615
binomial_logit,unbalanced,glmmML_GHQ20,beta0,-0.5,40,40,40,40,1.0,0.0,0.014288814626430158,0.03386403077458654,0.045870903212085756,0.21196297048119536,0.020098250386704115,0.95,40,0.0,0.0,0.1700000000000445,0.286133367982039,40,0.014288814626430158,0.21196297048119536
binomial_logit,unbalanced,glmmML_GHQ20,beta1,0.5,40,40,40,40,1.0,0.0,-0.022517033384618093,0.014260727582861168,0.008134734047703093,0.09186066889019763,0.012236234127443521,0.975,40,0.0,0.0,0.1700000000000445,0.286133367982039,40,-0.022517033384618093,0.09186066889019762
binomial_logit,unbalanced,glmmML_GHQ20,tau2,0.5,40,40,40,40,1.0,0.0,0.02366887026653779,0.044159572144394435,0.07800271247903909,0.2767902817780229,0.029020249507070904,,0,0.0,0.0,0.1700000000000445,0.286133367982039,40,0.02366887026653779,0.27679028177802284
binomial_logit,unbalanced,glmmML_Laplace,beta0,-0.5,40,40,40,40,1.0,0.0,0.01472472697472866,0.03388384919194906,0.04592460944250989,0.2121162695102086,0.020142694154649095,0.9,40,0.0,0.0,0.0300000000000011,0.28618378414311413,40,0.01472472697472866,0.21211626951020857
binomial_logit,unbalanced,glmmML_Laplace,beta1,0.5,40,40,40,40,1.0,0.0,-0.0226733600485144,0.014261779840740441,0.008135934569030017,0.09190548112432596,0.012252659408411453,0.975,40,0.0,0.0,0.0300000000000011,0.28618378414311413,40,-0.0226733600485144,0.09190548112432596
binomial_logit,unbalanced,glmmML_Laplace,tau2,0.5,40,40,40,40,1.0,0.0,0.003098343920193776,0.042460728153500014,0.07211653741301716,0.26518526300067946,0.026122150900597326,,0,0.0,0.0,0.0300000000000011,0.28618378414311413,40,0.003098343920193776,0.26518526300067946
binomial_logit,unbalanced,lme4_AGQ9,beta0,-0.5,40,40,40,40,1.0,0.0,0.014292283169735034,0.03386477858272427,0.04587292913827761,0.21196786376246887,0.020097547697414227,0.95,40,0.0,0.0,0.110000000000014,0.2861336107517186,40,0.014292283169735034,0.21196786376246884
binomial_logit,unbalanced,lme4_AGQ9,beta1,0.5,40,40,40,40,1.0,0.0,-0.022518522547360503,0.014259678882262952,0.00813353767301024,0.09185468463230913,0.012231066459845485,0.975,40,0.0,0.0,0.110000000000014,0.2861336107517186,40,-0.022518522547360503,0.09185468463230911
binomial_logit,unbalanced,lme4_AGQ9,tau2,0.5,40,40,40,40,1.0,0.0,0.023679656285348426,0.04416074935424079,0.07800687134112314,0.27679852904122754,0.029020684140838,,0,0.0,0.0,0.110000000000014,0.2861336107517186,40,0.023679656285348426,0.27679852904122754
binomial_logit,unbalanced,lme4_Laplace,beta0,-0.5,40,40,40,40,1.0,0.0,0.014868976613994883,0.0338699151112142,0.045886845985634236,0.21203952768656345,0.020129996057648782,0.9,40,0.0,0.0,0.07999999999995565,0.28616027936758887,40,0.014868976613994883,0.21203952768656345
binomial_logit,unbalanced,lme4_Laplace,beta1,0.5,40,40,40,40,1.0,0.0,-0.022778019477518424,0.014262619596646332,0.008136892710345598,0.09193643762896825,0.012249465426331303,0.975,40,0.0,0.0,0.07999999999995565,0.28616027936758887,40,-0.022778019477518424,0.09193643762896825
binomial_logit,unbalanced,lme4_Laplace,tau2,0.5,40,40,40,40,1.0,0.0,0.002834992776703403,0.042416683191193745,0.07196700051768393,0.2649072718684517,0.026079846701843164,,0,0.0,0.0,0.07999999999995565,0.28616027936758887,40,0.002834992776703403,0.2649072718684517
binomial_probit,many_small,FEL_Laplace_EM,beta0,-0.5,40,40,40,40,1.0,0.0,0.03090738459471965,0.019029318571653395,0.014484598612058914,0.1227914902150933,0.009914514086121378,0.975,40,0.0,0.0,0.8249999999999871,0.29802359490691077,40,0.03090738459471965,0.1227914902150933
binomial_probit,many_small,FEL_Laplace_EM,beta1,0.5,40,40,40,40,1.0,0.0,-0.06592169867160713,0.014629541007612717,0.008560938803736885,0.11266137620938967,0.010980284043360005,0.95,40,0.0,0.0,0.8249999999999871,0.29802359490691077,40,-0.06592169867160713,0.11266137620938965
binomial_probit,many_small,FEL_Laplace_EM,tau2,0.5,40,40,40,40,1.0,0.0,-0.18148166711205155,0.022933877060715223,0.021038508681439996,0.23118854094044863,0.015480597374256224,,0,0.0,0.0,0.8249999999999871,0.29802359490691077,40,-0.18148166711205155,0.2311885409404486
binomial_probit,many_small,FEL_MSPL,beta0,-0.5,40,40,40,40,1.0,0.0,0.03405902269625755,0.018882891748126376,0.01426254403085837,0.12274362491433556,0.0098951513785425,0.975,40,0.0,0.0,0.530000000000015,0.3040966467050751,40,0.03405902269625755,0.12274362491433555
binomial_probit,many_small,FEL_MSPL,beta1,0.5,40,40,40,40,1.0,0.0,-0.06902594588044618,0.014570404599897582,0.008491867608188665,0.11421099825618473,0.011015715311113094,0.95,40,0.0,0.0,0.530000000000015,0.3040966467050751,40,-0.06902594588044618,0.11421099825618472
binomial_probit,many_small,FEL_MSPL,tau2,0.5,40,40,40,40,1.0,0.0,-0.21205406238864788,0.02106282604315949,0.017745705636975903,0.24953754902134484,0.014839087248334739,,0,0.0,0.0,0.530000000000015,0.3040966467050751,40,-0.21205406238864788,0.2495375490213448
binomial_probit,many_small,FEL_RSPL,beta0,-0.5,40,40,40,40,1.0,0.0,0.03203702754050374,0.01896783781652371,0.014391154857357877,0.12271001230362144,0.009895094138286615,0.975,40,0.0,0.0,0.5299999999999869,0.2996237158944445,40,0.03203702754050374,0.12271001230362144
binomial_probit,many_small,FEL_RSPL,beta1,0.5,40,40,40,40,1.0,0.0,-0.0670325175513103,0.01461575021424992,0.008544806173013864,0.1132455051114844,0.010996203993175191,0.95,40,0.0,0.0,0.5299999999999869,0.2996237158944445,40,-0.0670325175513103,0.1132455051114844
binomial_probit,many_small,FEL_RSPL,tau2,0.5,40,40,40,40,1.0,0.0,-0.19261467369905455,0.021785400861151154,0.018984147627241817,0.23581763390542707,0.014922792581880649,,0,0.0,0.0,0.5299999999999869,0.2996237158944445,40,-0.19261467369905455,0.23581763390542704
binomial_probit,many_small,FEL_full,beta0,-0.5,40,40,40,40,1.0,0.0,-0.02224745456044845,0.0221374450664742,0.019602658962846516,0.14002693213519524,0.012611650349068684,0.925,40,0.0,0.0,3.33000000000002,0.29012088090918053,40,-0.02224745456044845,0.14002693213519524
binomial_probit,many_small,FEL_full,beta1,0.5,40,40,40,40,1.0,0.0,-0.020126148473817926,0.015974203334332145,0.010207006886663528,0.10176882414024004,0.012061754377555895,0.975,40,0.0,0.0,3.33000000000002,0.29012088090918053,40,-0.020126148473817926,0.10176882414024004
binomial_probit,many_small,FEL_full,tau2,0.5,40,40,40,40,1.0,0.0,-0.007649978723112729,0.045626069274949485,0.08326952789929956,0.2850373868044,0.06065164175658912,,0,0.0,0.0,3.33000000000002,0.29012088090918053,40,-0.007649978723112729,0.2850373868044
binomial_probit,many_small,FEL_mean,beta0,-0.5,40,40,40,40,1.0,0.0,-0.01692207927697137,0.021718268961426927,0.01886732826723521,0.13668211963388055,0.012187107196189763,0.95,40,0.0,0.0,2.13,0.28858350808850575,40,-0.01692207927697137,0.13668211963388055
binomial_probit,many_small,FEL_mean,beta1,0.5,40,40,40,40,1.0,0.0,-0.024374913478262795,0.015860948371383205,0.010062787329587344,0.10200663730081713,0.01187593385500368,0.975,40,0.0,0.0,2.13,0.28858350808850575,40,-0.024374913478262795,0.10200663730081713
binomial_probit,many_small,FEL_mean,tau2,0.5,40,40,40,40,1.0,0.0,-0.04467803559585828,0.039237339611226406,0.06158275279066867,0.24907691750864175,0.04157970199309411,,0,0.0,0.0,2.13,0.28858350808850575,40,-0.04467803559585828,0.24907691750864175
binomial_probit,many_small,MASS_PQL,beta0,-0.5,40,40,40,40,1.0,0.0,0.034102241023095024,0.018880005921794413,0.014258184944279682,0.12273831171834634,0.009895071375980743,0.975,40,0.0,0.0,0.0600000000000023,0.30413869752944944,40,0.034102241023095024,0.12273831171834633
binomial_probit,many_small,MASS_PQL,beta1,0.5,40,40,40,40,1.0,0.0,-0.06906349549746855,0.014568447129599772,0.008489586070717753,0.11422395908599328,0.011015777965097538,0.95,40,0.0,0.0,0.0600000000000023,0.30413869752944944,40,-0.06906349549746855,0.11422395908599328
binomial_probit,many_small,MASS_PQL,tau2,0.5,40,40,40,40,1.0,0.0,-0.21222826775,0.021050698767004265,0.017725276743166197,0.24964571387619042,0.014837911735836627,,0,0.0,0.0,0.0600000000000023,0.30413869752944944,40,-0.21222826775,0.24964571387619042
binomial_probit,many_small,glmmML_GHQ20,beta0,-0.5,40,0,0,0,,,,,,,,,0,,,,,0,,
binomial_probit,many_small,glmmML_GHQ20,beta1,0.5,40,0,0,0,,,,,,,,,0,,,,,0,,
binomial_probit,many_small,glmmML_GHQ20,tau2,0.5,40,0,0,0,,,,,,,,,0,,,,,0,,
binomial_probit,many_small,glmmML_Laplace,beta0,-0.5,40,0,0,0,,,,,,,,,0,,,,,0,,
binomial_probit,many_small,glmmML_Laplace,beta1,0.5,40,0,0,0,,,,,,,,,0,,,,,0,,
binomial_probit,many_small,glmmML_Laplace,tau2,0.5,40,0,0,0,,,,,,,,,0,,,,,0,,
binomial_probit,many_small,lme4_AGQ9,beta0,-0.5,40,40,40,40,1.0,0.0,-0.018165093134009724,0.0217109571862037,0.018854626477646807,0.13679631363553946,0.012221829523806058,0.95,40,0.0,0.0,0.129999999999995,0.28791386151128834,40,-0.018165093134009724,0.13679631363553946
binomial_probit,many_small,lme4_AGQ9,beta1,0.5,40,40,40,40,1.0,0.0,-0.023667304082335496,0.015845821162123363,0.010043601932079864,0.10174798851232196,0.011851560763841786,0.975,40,0.0,0.0,0.129999999999995,0.28791386151128834,40,-0.023667304082335496,0.10174798851232195
binomial_probit,many_small,lme4_AGQ9,tau2,0.5,40,40,40,40,1.0,0.0,-0.02331430446250007,0.04148279075645452,0.06883287715775155,0.26010692420882975,0.04733468176049616,,0,0.0,0.0,0.129999999999995,0.28791386151128834,40,-0.02331430446250007,0.26010692420882975
binomial_probit,many_small,lme4_Laplace,beta0,-0.5,40,40,40,40,1.0,0.0,-0.018391771716885705,0.021677496327637,0.018796553881388622,0.13661953484491132,0.012149436770473835,0.95,40,0.0,0.0,0.07500000000001705,0.29422350356014243,40,-0.018391771716885705,0.13661953484491132
binomial_probit,many_small,lme4_Laplace,beta1,0.5,40,40,40,40,1.0,0.0,-0.022482081264540054,0.015840556097095775,0.010036928698609525,0.10144678141335815,0.011986676724299945,0.975,40,0.0,0.0,0.07500000000001705,0.29422350356014243,40,-0.022482081264540054,0.10144678141335815
binomial_probit,many_small,lme4_Laplace,tau2,0.5,40,40,40,40,1.0,0.0,-0.10478607351129957,0.035714356799586566,0.05102061126432701,0.2464248712785183,0.030477060151910134,,0,0.0,0.0,0.07500000000001705,0.29422350356014243,40,-0.10478607351129957,0.24642487127851828
binomial_probit,rich,FEL_Laplace_EM,beta0,-0.5,40,40,40,40,1.0,0.0,0.03658411524305203,0.025919217489728887,0.02687223341119471,0.16594826020188266,0.014876818266548363,0.875,40,0.0,0.0,0.6649999999999849,0.10435794332967288,40,0.03658411524305203,0.16594826020188264
binomial_probit,rich,FEL_Laplace_EM,beta1,0.5,40,40,40,40,1.0,0.0,-0.02229306383654748,0.01074398564032797,0.004617329097582945,0.07070273378988787,0.008907667009595997,0.9,40,0.0,0.0,0.6649999999999849,0.10435794332967288,40,-0.02229306383654748,0.07070273378988787
binomial_probit,rich,FEL_Laplace_EM,tau2,0.5,40,40,40,40,1.0,0.0,-0.07559716141186268,0.024274959895140658,0.02357094711642749,0.16940072093131134,0.01565152635509042,,0,0.0,0.0,0.6649999999999849,0.10435794332967288,40,-0.07559716141186268,0.16940072093131134
binomial_probit,rich,FEL_MSPL,beta0,-0.5,40,40,40,40,1.0,0.0,0.03680944354673017,0.02590499986716013,0.026842760724702652,0.16591150303943666,0.01488556379402989,0.875,40,0.0,0.0,0.09500000000001305,0.10443130861288553,40,0.03680944354673017,0.16591150303943666
binomial_probit,rich,FEL_MSPL,beta1,0.5,40,40,40,40,1.0,0.0,-0.022505493257335703,0.010736831366094789,0.004611181911358275,0.070727643749317,0.008910427391495479,0.9,40,0.0,0.0,0.09500000000001305,0.10443130861288553,40,-0.022505493257335703,0.07072764374931699
binomial_probit,rich,FEL_MSPL,tau2,0.5,40,40,40,40,1.0,0.0,-0.07913928329788397,0.024098396940653532,0.02322930940437198,0.17003412254652128,0.015178196221548423,,0,0.0,0.0,0.09500000000001305,0.10443130861288553,40,-0.07913928329788397,0.17003412254652125
binomial_probit,rich,FEL_RSPL,beta0,-0.5,40,40,40,40,1.0,0.0,0.03552734495052547,0.02596801202585225,0.026973505942992283,0.16601614540053358,0.014835390752604033,0.925,40,0.0,0.0,0.100000000000012,0.1040333620054259,40,0.03552734495052547,0.16601614540053355
binomial_probit,rich,FEL_RSPL,beta1,0.5,40,40,40,40,1.0,0.0,-0.021284592644622374,0.010772605329431034,0.004641961023347437,0.07056164596869367,0.008889237576196038,0.9,40,0.0,0.0,0.100000000000012,0.1040333620054259,40,-0.021284592644622374,0.07056164596869367
binomial_probit,rich,FEL_RSPL,tau2,0.5,40,40,40,40,1.0,0.0,-0.05794631637887637,0.025205138970596917,0.025411961221084137,0.1677332339533161,0.018093359011662643,,0,0.0,0.0,0.100000000000012,0.1040333620054259,40,-0.05794631637887637,0.1677332339533161
binomial_probit,rich,FEL_full,beta0,-0.5,40,40,40,40,1.0,0.0,0.020604095056220056,0.026827871000960728,0.02878938649776758,0.16880219361255097,0.014359923702517461,0.9,40,0.0,0.0,1.7250000000000099,0.10420953619336631,40,0.020604095056220056,0.16880219361255097
binomial_probit,rich,FEL_full,beta1,0.5,40,40,40,40,1.0,0.0,-0.0090176827076931,0.011107112214178979,0.0049347176695345545,0.06994761131884933,0.00860489730950791,0.875,40,0.0,0.0,1.7250000000000099,0.10420953619336631,40,-0.0090176827076931,0.06994761131884931
binomial_probit,rich,FEL_full,tau2,0.5,40,40,40,40,1.0,0.0,-0.035423758633615424,0.02859420494795277,0.03270514226422106,0.18205042263985047,0.02634512404678771,,0,0.0,0.0,1.7250000000000099,0.10420953619336631,40,-0.035423758633615424,0.18205042263985044
binomial_probit,rich,FEL_mean,beta0,-0.5,40,40,40,40,1.0,0.0,0.020794446153338326,0.02681325110535305,0.02875801739354866,0.16873492806628398,0.014364784563593025,0.9,40,0.0,0.0,1.44500000000001,0.1041770202758584,40,0.020794446153338326,0.16873492806628398
binomial_probit,rich,FEL_mean,beta1,0.5,40,40,40,40,1.0,0.0,-0.009164914483826449,0.011102957885213632,0.004931026952033102,0.06994102469744154,0.008607605006897117,0.875,40,0.0,0.0,1.44500000000001,0.1041770202758584,40,-0.009164914483826449,0.06994102469744153
binomial_probit,rich,FEL_mean,tau2,0.5,40,40,40,40,1.0,0.0,-0.03808456467277507,0.028247813051535852,0.03191755768778077,0.18047175073096908,0.02532658650849647,,0,0.0,0.0,1.44500000000001,0.1041770202758584,40,-0.03808456467277507,0.18047175073096905
binomial_probit,rich,MASS_PQL,beta0,-0.5,40,40,40,40,1.0,0.0,0.03682360752431708,0.02590434095355763,0.026841395209526525,0.16591063377732393,0.014885856526293983,0.875,40,0.0,0.0,0.059999999999988105,0.10443407888602771,40,0.03682360752431708,0.1659106337773239
binomial_probit,rich,MASS_PQL,beta1,0.5,40,40,40,40,1.0,0.0,-0.022513458416451047,0.01073643076381552,0.004610837821848172,0.07072780702221185,0.00891070768062611,0.9,40,0.0,0.0,0.059999999999988105,0.10443407888602771,40,-0.022513458416451047,0.07072780702221183
binomial_probit,rich,MASS_PQL,tau2,0.5,40,40,40,40,1.0,0.0,-0.07919986,0.024095732706050796,0.023224173385657843,0.17004760179148662,0.015171479255174852,,0,0.0,0.0,0.059999999999988105,0.10443407888602771,40,-0.07919986,0.1700476017914866
binomial_probit,rich,glmmML_GHQ20,beta0,-0.5,40,0,0,0,,,,,,,,,0,,,,,0,,
binomial_probit,rich,glmmML_GHQ20,beta1,0.5,40,0,0,0,,,,,,,,,0,,,,,0,,
binomial_probit,rich,glmmML_GHQ20,tau2,0.5,40,0,0,0,,,,,,,,,0,,,,,0,,
binomial_probit,rich,glmmML_Laplace,beta0,-0.5,40,0,0,0,,,,,,,,,0,,,,,0,,
binomial_probit,rich,glmmML_Laplace,beta1,0.5,40,0,0,0,,,,,,,,,0,,,,,0,,
binomial_probit,rich,glmmML_Laplace,tau2,0.5,40,0,0,0,,,,,,,,,0,,,,,0,,
binomial_probit,rich,lme4_AGQ9,beta0,-0.5,40,40,40,40,1.0,0.0,0.020730745543993703,0.02681375916299219,0.028759107218037906,0.16873023839370577,0.014362873323834156,0.925,40,0.0,0.0,0.200000000000045,0.10435472519197507,40,0.020730745543993703,0.16873023839370574
binomial_probit,rich,lme4_AGQ9,beta1,0.5,40,40,40,40,1.0,0.0,-0.009283244803702179,0.01109881810229667,0.004927350530714729,0.06993100457974505,0.008611066135059983,0.9,40,0.0,0.0,0.200000000000045,0.10435472519197507,40,-0.009283244803702179,0.06993100457974505
binomial_probit,rich,lme4_AGQ9,tau2,0.5,40,40,40,40,1.0,0.0,-0.0358221742505545,0.028508988993659525,0.032510498137624,0.18160661841524522,0.026012299640724712,,0,0.0,0.0,0.200000000000045,0.10435472519197507,40,-0.0358221742505545,0.18160661841524522
binomial_probit,rich,lme4_Laplace,beta0,-0.5,40,40,40,40,1.0,0.0,0.016636338691456948,0.027044731976704383,0.029256701107671063,0.16971167121042724,0.01426805573280676,0.9,40,0.0,0.0,0.139999999999986,0.1045125711600006,40,0.016636338691456948,0.1697116712104272
binomial_probit,rich,lme4_Laplace,beta1,0.5,40,40,40,40,1.0,0.0,-0.005084412683337774,0.011202848625888365,0.005020152693382754,0.07014627665373745,0.008533739059771702,0.875,40,0.0,0.0,0.139999999999986,0.1045125711600006,40,-0.005084412683337774,0.07014627665373743
binomial_probit,rich,lme4_Laplace,tau2,0.5,40,40,40,40,1.0,0.0,-0.03577617779390029,0.02850340565047588,0.032497765347023214,0.18156336665442288,0.025681196892259,,0,0.0,0.0,0.139999999999986,0.1045125711600006,40,-0.03577617779390029,0.18156336665442285
binomial_probit,small,FEL_Laplace_EM,beta0,-0.5,40,40,40,39,0.975,0.024685522072664386,0.0796362421809902,0.02469989552000508,0.023793308709267512,0.1718288536284802,0.015637692478379733,0.9487179487179487,39,0.0,0.025,0.745000000000001,0.2820889498546209,40,0.0733971277036874,0.17178159697106737
binomial_probit,small,FEL_Laplace_EM,beta1,0.5,40,40,40,39,0.975,0.024685522072664386,-0.03840707022566631,0.02066900778193451,0.0166611074248971,0.13307517644371805,0.013766533253304916,0.9743589743589743,39,0.0,0.025,0.745000000000001,0.2820889498546209,40,-0.03992136271981653,0.1323298811441133
binomial_probit,small,FEL_Laplace_EM,tau2,0.5,40,40,40,39,0.975,0.024685522072664386,-0.21018517211111068,0.02905112812441169,0.03291475376673838,0.276131476468755,0.018591795410960954,,0,0.0,0.025,0.745000000000001,0.2820889498546209,40,-0.21725874098719367,0.28358729926229925
binomial_probit,small,FEL_MSPL,beta0,-0.5,40,40,40,38,0.95,0.03446012188022557,0.07948827841575064,0.025050447275491893,0.02384594653068357,0.17186275928042485,0.01615883337340103,0.9473684210526315,38,0.0,0.05,0.46999999999995645,0.28617012271399195,40,0.07582488325162876,0.17206653743296182
binomial_probit,small,FEL_MSPL,beta1,0.5,40,40,40,38,0.95,0.03446012188022557,-0.039604565092640584,0.020912847273228202,0.016619192880787996,0.13323050429947278,0.01392729348268023,0.9736842105263158,38,0.0,0.05,0.46999999999995645,0.28617012271399195,40,-0.0435276906850979,0.13258027510827297
binomial_probit,small,FEL_MSPL,tau2,0.5,40,40,40,38,0.95,0.03446012188022557,-0.23251514976885038,0.026540386666954182,0.026766900728394695,0.28306501634075903,0.017841840570045224,,0,0.0,0.05,0.46999999999995645,0.28617012271399195,40,-0.2446556074643539,0.2956952228523286
binomial_probit,small,FEL_RSPL,beta0,-0.5,40,40,40,39,0.975,0.024685522072664386,0.0786831706558852,0.024763289950517478,0.0239156006377626,0.17173648841481634,0.015586830884803914,0.9487179487179487,39,0.0,0.025,0.454999999999956,0.2784485010952391,40,0.07241597644480273,0.1717431962501755
binomial_probit,small,FEL_RSPL,beta1,0.5,40,40,40,39,0.975,0.024685522072664386,-0.0370237836947811,0.020688358566148767,0.016692319026300105,0.13279710616280954,0.013762143405271186,0.9743589743589743,39,0.0,0.025,0.454999999999956,0.2784485010952391,40,-0.038532874554838226,0.1320276575198409
binomial_probit,small,FEL_RSPL,tau2,0.5,40,40,40,39,0.975,0.024685522072664386,-0.19982271239159496,0.028526995359912332,0.031737789106313925,0.26618248633143304,0.01806658235290952,,0,0.0,0.025,0.454999999999956,0.2784485010952391,40,-0.20687864085376978,0.2736628046055421
binomial_probit,small,FEL_full,beta0,-0.5,40,40,40,39,0.975,0.024685522072664386,0.03520858684572056,0.028375282888351377,0.031401110480764695,0.17842533001074531,0.015272760015675317,0.9487179487179487,39,0.0,0.025,3.075,0.28517278096870935,40,0.0300801637517995,0.1782178426023662
binomial_probit,small,FEL_full,beta1,0.5,40,40,40,39,0.975,0.024685522072664386,0.011502761657937968,0.024547105272525606,0.023499854713157724,0.15175509171575297,0.021107995842056013,0.9487179487179487,39,0.0,0.025,3.075,0.28517278096870935,40,0.008740723366697645,0.15066116814840447
binomial_probit,small,FEL_full,tau2,0.5,40,40,40,39,0.975,0.024685522072664386,-0.03751246172797924,0.061420025888475366,0.14712436362549838,0.3804722444939322,0.08257408328786528,,0,0.0,0.025,3.075,0.28517278096870935,40,-0.04890284836364052,0.3836919720596
binomial_probit,small,FEL_mean,beta0,-0.5,40,40,40,39,0.975,0.024685522072664386,0.03985836418921234,0.02782464192936456,0.03019421724139675,0.17609286112372438,0.015139182248364233,0.9487179487179487,39,0.0,0.025,2.0699999999999896,0.28100040946120647,40,0.03461369666170398,0.17594138040098833
binomial_probit,small,FEL_mean,beta1,0.5,40,40,40,39,0.975,0.024685522072664386,0.006368426353741849,0.02406332938564969,0.0225827090237686,0.14847296742797783,0.020198227887919848,0.9487179487179487,39,0.0,0.025,2.0699999999999896,0.28100040946120647,40,0.003734746445106428,0.1474382461513099
binomial_probit,small,FEL_mean,tau2,0.5,40,40,40,39,0.975,0.024685522072664386,-0.0756081207377158,0.05194880984867405,0.10524847494305407,0.32903857527628794,0.053551880414424255,,0,0.0,0.025,2.0699999999999896,0.28100040946120647,40,-0.08604611589813367,0.33412438287686186
binomial_probit,small,MASS_PQL,beta0,-0.5,40,40,40,40,1.0,0.0,0.0758836252278144,0.024725195355743544,0.02445341141518729,0.17204766986949574,0.015327616522056458,0.95,40,0.025,0.0,0.0500000000000114,0.29019755387905843,40,0.0758836252278144,0.17204766986949574
binomial_probit,small,MASS_PQL,beta1,0.5,40,40,40,40,1.0,0.0,-0.043587799249098405,0.020051446666797288,0.016082420537256645,0.1325905587408279,0.013305757865624743,0.975,40,0.025,0.0,0.0500000000000114,0.29019755387905843,40,-0.043587799249098405,0.13259055874082787
binomial_probit,small,MASS_PQL,tau2,0.5,40,40,40,40,1.0,0.0,-0.24493675335008275,0.026604206199758347,0.02831135150077042,0.2959688849438914,0.018462599004069543,,0,0.025,0.0,0.0500000000000114,0.29019755387905843,40,-0.24493675335008275,0.2959688849438914
binomial_probit,small,glmmML_GHQ20,beta0,-0.5,40,0,0,0,,,,,,,,,0,,,,,0,,
binomial_probit,small,glmmML_GHQ20,beta1,0.5,40,0,0,0,,,,,,,,,0,,,,,0,,
binomial_probit,small,glmmML_GHQ20,tau2,0.5,40,0,0,0,,,,,,,,,0,,,,,0,,
binomial_probit,small,glmmML_Laplace,beta0,-0.5,40,0,0,0,,,,,,,,,0,,,,,0,,
binomial_probit,small,glmmML_Laplace,beta1,0.5,40,0,0,0,,,,,,,,,0,,,,,0,,
binomial_probit,small,glmmML_Laplace,tau2,0.5,40,0,0,0,,,,,,,,,0,,,,,0,,
binomial_probit,small,lme4_AGQ9,beta0,-0.5,40,40,40,40,1.0,0.0,0.03377150076057096,0.027626554938485936,0.030529061510767265,0.17580201715742436,0.014758804718216407,0.95,40,0.025,0.0,0.0799999999999841,0.2811205927469394,40,0.03377150076057096,0.17580201715742433
binomial_probit,small,lme4_AGQ9,beta1,0.5,40,40,40,40,1.0,0.0,0.0046611652066159,0.023555851456099806,0.022195125512873577,0.1471800728228353,0.019865531724455068,0.975,40,0.025,0.0,0.0799999999999841,0.2811205927469394,40,0.0046611652066159,0.1471800728228353
binomial_probit,small,lme4_AGQ9,tau2,0.5,40,40,40,40,1.0,0.0,-0.06724486444300193,0.05440126431024394,0.11837990234212084,0.3463268349081912,0.057969249146931495,,0,0.025,0.0,0.0799999999999841,0.2811205927469394,40,-0.06724486444300193,0.3463268349081912
binomial_probit,small,lme4_Laplace,beta0,-0.5,40,40,40,40,1.0,0.0,0.03343677572160505,0.027622199495097522,0.030519436197878634,0.1757113208179501,0.014805786428493136,0.95,40,0.025,0.0,0.0500000000000016,0.286481319369334,40,0.03343677572160505,0.1757113208179501
binomial_probit,small,lme4_Laplace,beta1,0.5,40,40,40,40,1.0,0.0,0.004057296208329175,0.023669810585581038,0.022410397326291367,0.14787359144098788,0.019489785872612252,1,40,0.025,0.0,0.0500000000000016,0.286481319369334,40,0.004057296208329175,0.14787359144098788
binomial_probit,small,lme4_Laplace,tau2,0.5,40,40,40,40,1.0,0.0,-0.1419623398159362,0.04599529891589453,0.08462270089449954,0.32040667798619993,0.03735947931205012,,0,0.025,0.0,0.0500000000000016,0.286481319369334,40,-0.1419623398159362,0.3204066779861999
binomial_probit,unbalanced,FEL_Laplace_EM,beta0,-0.5,40,40,40,40,1.0,0.0,0.020234570919807533,0.02444704522505771,0.02390632080944068,0.1540068201396074,0.020903635193536305,0.975,40,0.0,0.0,0.554999999999982,0.1813163949566889,40,0.020234570919807533,0.1540068201396074
binomial_probit,unbalanced,FEL_Laplace_EM,beta1,0.5,40,40,40,40,1.0,0.0,-0.024205310736020755,0.01145491057786337,0.005248599053873845,0.07552007114240769,0.0070629796004543334,0.95,40,0.0,0.0,0.554999999999982,0.1813163949566889,40,-0.024205310736020755,0.07552007114240769
binomial_probit,unbalanced,FEL_Laplace_EM,tau2,0.5,40,40,40,40,1.0,0.0,-0.04648584850889013,0.027300482168235968,0.029812653064726805,0.17671522529114495,0.017578067975406206,,0,0.0,0.0,0.554999999999982,0.1813163949566889,40,-0.04648584850889013,0.17671522529114495
binomial_probit,unbalanced,FEL_MSPL,beta0,-0.5,40,40,40,40,1.0,0.0,0.020885129582830914,0.02441462270106718,0.023842952065418598,0.1538930372092083,0.020933154770725,0.975,40,0.0,0.0,0.149999999999977,0.18192249941521751,40,0.020885129582830914,0.1538930372092083
binomial_probit,unbalanced,FEL_MSPL,beta1,0.5,40,40,40,40,1.0,0.0,-0.02483306441472227,0.011442417608390478,0.005237156828992179,0.07564991075006712,0.007075835405872706,0.95,40,0.0,0.0,0.149999999999977,0.18192249941521751,40,-0.02483306441472227,0.0756499107500671
binomial_probit,unbalanced,FEL_MSPL,tau2,0.5,40,40,40,40,1.0,0.0,-0.056954423334233194,0.026503151402204092,0.028096681369926112,0.17503734079622268,0.01731478115896792,,0,0.0,0.0,0.149999999999977,0.18192249941521751,40,-0.056954423334233194,0.17503734079622268
binomial_probit,unbalanced,FEL_RSPL,beta0,-0.5,40,40,40,40,1.0,0.0,0.019180226139464258,0.024480080389943048,0.023970973435922964,0.15407653998836382,0.02084574327729194,0.975,40,0.0,0.0,0.149999999999999,0.180195150779954,40,0.019180226139464258,0.15407653998836382
binomial_probit,unbalanced,FEL_RSPL,beta1,0.5,40,40,40,40,1.0,0.0,-0.023112039216103497,0.011492162284917222,0.005282791759314952,0.07539819840061687,0.007037779537888616,0.95,40,0.0,0.0,0.149999999999999,0.180195150779954,40,-0.023112039216103497,0.07539819840061686
binomial_probit,unbalanced,FEL_RSPL,tau2,0.5,40,40,40,40,1.0,0.0,-0.028957942985602374,0.027958433126187312,0.03126695931485952,0.1769854451471799,0.01783281022036061,,0,0.0,0.0,0.149999999999999,0.180195150779954,40,-0.028957942985602374,0.1769854451471799
binomial_probit,unbalanced,FEL_full,beta0,-0.5,40,40,40,40,1.0,0.0,-0.007389053565300835,0.0262529954845824,0.027568790876540152,0.16411632830775105,0.020083452838968063,0.975,40,0.0,0.0,1.7899999999999952,0.17995430474391136,40,-0.007389053565300835,0.16411632830775102
binomial_probit,unbalanced,FEL_full,beta1,0.5,40,40,40,40,1.0,0.0,-0.00674344996225975,0.011854660037765533,0.005621318584439805,0.0743388171631908,0.006872463689783767,0.95,40,0.0,0.0,1.7899999999999952,0.17995430474391136,40,-0.00674344996225975,0.0743388171631908
binomial_probit,unbalanced,FEL_full,tau2,0.5,40,40,40,40,1.0,0.0,0.033277487172107746,0.03653151225348339,0.05338205550105628,0.23055345424872659,0.02948451289543989,,0,0.0,0.0,1.7899999999999952,0.17995430474391136,40,0.033277487172107746,0.23055345424872656
binomial_probit,unbalanced,FEL_mean,beta0,-0.5,40,40,40,40,1.0,0.0,-0.006518387695850189,0.026192656831352332,0.027442210875399515,0.16370291683921803,0.020108217577339365,0.975,40,0.0,0.0,1.404999999999975,0.1797574931810287,40,-0.006518387695850189,0.163702916839218
binomial_probit,unbalanced,FEL_mean,beta1,0.5,40,40,40,40,1.0,0.0,-0.007279931200902626,0.011853441959068043,0.005620163451079793,0.0743818308667693,0.00686413125579797,0.95,40,0.0,0.0,1.404999999999975,0.1797574931810287,40,-0.007279931200902626,0.0743818308667693
binomial_probit,unbalanced,FEL_mean,tau2,0.5,40,40,40,40,1.0,0.0,0.023010630347810906,0.035062557079632135,0.049175316358498464,0.22017134817804881,0.02674090881276649,,0,0.0,0.0,1.404999999999975,0.1797574931810287,40,0.023010630347810906,0.2201713481780488
binomial_probit,unbalanced,MASS_PQL,beta0,-0.5,40,40,40,40,1.0,0.0,0.020911286786976263,0.024413630136502343,0.023841013457677415,0.1538904481646689,0.020933985970730793,0.975,40,0.0,0.0,0.0500000000000114,0.18193338631223638,40,0.020911286786976263,0.1538904481646689
binomial_probit,unbalanced,MASS_PQL,beta1,0.5,40,40,40,40,1.0,0.0,-0.024848212701834602,0.011441651258271988,0.005236455340636679,0.07565036438508659,0.007076707439149055,0.95,40,0.0,0.0,0.0500000000000114,0.18193338631223638,40,-0.024848212701834602,0.07565036438508659
binomial_probit,unbalanced,MASS_PQL,tau2,0.5,40,40,40,40,1.0,0.0,-0.057082496749999996,0.02649327970318146,0.028075754777240267,0.17502077688955395,0.01731260164652362,,0,0.0,0.0,0.0500000000000114,0.18193338631223638,40,-0.057082496749999996,0.17502077688955392
binomial_probit,unbalanced,glmmML_GHQ20,beta0,-0.5,40,0,0,0,,,,,,,,,0,,,,,0,,
binomial_probit,unbalanced,glmmML_GHQ20,beta1,0.5,40,0,0,0,,,,,,,,,0,,,,,0,,
binomial_probit,unbalanced,glmmML_GHQ20,tau2,0.5,40,0,0,0,,,,,,,,,0,,,,,0,,
binomial_probit,unbalanced,glmmML_Laplace,beta0,-0.5,40,0,0,0,,,,,,,,,0,,,,,0,,
binomial_probit,unbalanced,glmmML_Laplace,beta1,0.5,40,0,0,0,,,,,,,,,0,,,,,0,,
binomial_probit,unbalanced,glmmML_Laplace,tau2,0.5,40,0,0,0,,,,,,,,,0,,,,,0,,
binomial_probit,unbalanced,lme4_AGQ9,beta0,-0.5,40,40,40,40,1.0,0.0,-0.00638394403128256,0.026158579620754047,0.027370851511013157,0.16348496861984704,0.020104680700423105,0.975,40,0.0,0.0,0.189999999999998,0.18026623244954207,40,-0.00638394403128256,0.16348496861984704
binomial_probit,unbalanced,lme4_AGQ9,beta1,0.5,40,40,40,40,1.0,0.0,-0.007401646774090368,0.011848807466609462,0.005615769535231205,0.07436504334577387,0.006861730676986331,0.95,40,0.0,0.0,0.189999999999998,0.18026623244954207,40,-0.007401646774090368,0.07436504334577387
binomial_probit,unbalanced,lme4_AGQ9,tau2,0.5,40,40,40,40,1.0,0.0,0.029986655981234307,0.03594103624581146,0.05167032345690932,0.22644594257222514,0.028390009450155,,0,0.0,0.0,0.189999999999998,0.18026623244954207,40,0.029986655981234307,0.2264459425722251
binomial_probit,unbalanced,lme4_Laplace,beta0,-0.5,40,40,40,40,1.0,0.0,-0.01232969052052967,0.026551328214579662,0.02819892119833336,0.1662707714443734,0.02004890159146849,0.975,40,0.0,0.0,0.110000000000014,0.18106514914556757,40,-0.01232969052052967,0.1662707714443734
binomial_probit,unbalanced,lme4_Laplace,beta1,0.5,40,40,40,40,1.0,0.0,-0.0033323032354638446,0.01194730001678739,0.005709519107645118,0.07468524201478545,0.006878057553627326,0.975,40,0.0,0.0,0.110000000000014,0.18106514914556757,40,-0.0033323032354638446,0.07468524201478544
binomial_probit,unbalanced,lme4_Laplace,tau2,0.5,40,40,40,40,1.0,0.0,0.012431226552555772,0.03405205852746288,0.0463817075983103,0.21301807505926232,0.024733605014220103,,0,0.0,0.0,0.110000000000014,0.18106514914556757,40,0.012431226552555772,0.2130180750592623
poisson_log,many_small,FEL_Laplace_EM,beta0,0.693147180559945,40,40,40,40,1.0,0.0,0.0832136702610917,0.018310906849757464,0.013411572386419792,0.141424177547833,0.01390254180090905,0.8,40,0.0,0.0,0.5949999999999984,0.11467353187817039,40,0.0832136702610917,0.14142417754783299
poisson_log,many_small,FEL_Laplace_EM,beta1,0.5,40,40,40,40,1.0,0.0,-0.003905325066778305,0.0079059382825139,0.0025001544050767535,0.04952678173298808,0.004965492164883579,0.9,40,0.0,0.0,0.5949999999999984,0.11467353187817039,40,-0.003905325066778305,0.04952678173298807
poisson_log,many_small,FEL_Laplace_EM,tau2,0.5,40,40,40,40,1.0,0.0,-0.05930458076376543,0.015383145424334088,0.009465646525848432,0.11289835544536599,0.010733230899918591,,0,0.0,0.0,0.5949999999999984,0.11467353187817039,40,-0.05930458076376543,0.11289835544536597
poisson_log,many_small,FEL_MSPL,beta0,0.693147180559945,40,40,40,40,1.0,0.0,0.08320816008500836,0.018310929277757848,0.013411605240601983,0.1414210486961517,0.013902319336957144,0.8,40,0.0,0.0,0.0900000000000318,0.11467331625703757,40,0.08320816008500836,0.14142104869615169
poisson_log,many_small,FEL_MSPL,beta1,0.5,40,40,40,40,1.0,0.0,-0.0039054655966727415,0.007905936596897556,0.002500153338966565,0.04952678232046975,0.004965498421753255,0.9,40,0.0,0.0,0.0900000000000318,0.11467331625703757,40,-0.0039054655966727415,0.04952678232046975
poisson_log,many_small,FEL_MSPL,tau2,0.5,40,40,40,40,1.0,0.0,-0.0593029703213358,0.015383227172196931,0.00946574712925672,0.11289794391377789,0.010733223658868583,,0,0.0,0.0,0.0900000000000318,0.11467331625703757,40,-0.0593029703213358,0.11289794391377787
poisson_log,many_small,FEL_RSPL,beta0,0.693147180559945,40,40,40,40,1.0,0.0,0.08163712382502895,0.018338669674461048,0.013452272217159892,0.14064346909172143,0.013851791687607065,0.8,40,0.0,0.0,0.0900000000000318,0.11448907417088276,40,0.08163712382502895,0.14064346909172143
poisson_log,many_small,FEL_RSPL,beta1,0.5,40,40,40,40,1.0,0.0,-0.003823810695108981,0.007904573606048862,0.0024992913557377724,0.04951192381716103,0.004966256751365812,0.9,40,0.0,0.0,0.0900000000000318,0.11448907417088276,40,-0.003823810695108981,0.04951192381716103
poisson_log,many_small,FEL_RSPL,tau2,0.5,40,40,40,40,1.0,0.0,-0.048539196138239676,0.01572715796134197,0.009893739901640086,0.10955569344331487,0.010515261142666614,,0,0.0,0.0,0.0900000000000318,0.11448907417088276,40,-0.048539196138239676,0.10955569344331487
poisson_log,many_small,FEL_full,beta0,0.693147180559945,40,40,40,40,1.0,0.0,0.03227693393106664,0.01933965199498377,0.014960885571483184,0.12501465472570225,0.012233139192712872,0.925,40,0.0,0.0,1.8300000000000152,0.11410794558583937,40,0.03227693393106664,0.12501465472570225
poisson_log,many_small,FEL_full,beta1,0.5,40,40,40,40,1.0,0.0,-0.0028307919604455443,0.007928971231344601,0.002514743391499613,0.04959725990249306,0.004952542840457805,0.925,40,0.0,0.0,1.8300000000000152,0.11410794558583937,40,-0.0028307919604455443,0.04959725990249306
poisson_log,many_small,FEL_full,tau2,0.5,40,40,40,40,1.0,0.0,-0.023136865574463022,0.017425987445818077,0.012146601538472369,0.11125758872374204,0.010839259855288497,,0,0.0,0.0,1.8300000000000152,0.11410794558583937,40,-0.023136865574463022,0.11125758872374203
poisson_log,many_small,FEL_mean,beta0,0.693147180559945,40,40,40,40,1.0,0.0,0.03281153029666925,0.019319246796419855,0.014929331871239154,0.12503077659067555,0.012242257735196542,0.925,40,0.0,0.0,1.4349999999999898,0.11410274137773428,40,0.03281153029666925,0.12503077659067555
poisson_log,many_small,FEL_mean,beta1,0.5,40,40,40,40,1.0,0.0,-0.002850508885797097,0.007928756761781957,0.002514607351500125,0.049597052015423554,0.004951489939255163,0.925,40,0.0,0.0,1.4349999999999898,0.11410274137773428,40,-0.002850508885797097,0.049597052015423554
poisson_log,many_small,FEL_mean,tau2,0.5,40,40,40,40,1.0,0.0,-0.026362289572218523,0.01726144216263153,0.01191829542135494,0.11097435896327838,0.010775959062525124,,0,0.0,0.0,1.4349999999999898,0.11410274137773428,40,-0.026362289572218523,0.11097435896327838
poisson_log,many_small,MASS_PQL,beta0,0.693147180559945,40,40,40,40,1.0,0.0,0.08320835557298338,0.01831095564749218,0.013411643868977035,0.14142129687360616,0.013902279658791872,0.8,40,0.0,0.0,0.0549999999999784,0.11467337447060962,40,0.08320835557298338,0.14142129687360613
poisson_log,many_small,MASS_PQL,beta1,0.5,40,40,40,40,1.0,0.0,-0.003905540780776483,0.007905947539483966,0.0025001602598829034,0.04952685637284219,0.0049654850856550685,0.9,40,0.0,0.0,0.0549999999999784,0.11467337447060962,40,-0.003905540780776483,0.04952685637284219
poisson_log,many_small,MASS_PQL,tau2,0.5,40,40,40,40,1.0,0.0,-0.05930286,0.015383871790104376,0.00946654045017477,0.11290131152072592,0.010733650863682288,,0,0.0,0.0,0.0549999999999784,0.11467337447060962,40,-0.05930286,0.11290131152072592
poisson_log,many_small,glmmML_GHQ20,beta0,0.693147180559945,40,40,40,40,1.0,0.0,0.03267172987324295,0.019318201336660547,0.014927716115350133,0.12498785999198696,0.012236011078347535,0.925,40,0.0,0.0,0.120000000000005,0.11483823715140117,40,0.03267172987324295,0.12498785999198694
poisson_log,many_small,glmmML_GHQ20,beta1,0.5,40,40,40,40,1.0,0.0,-0.0028536314623422003,0.007928469711270796,0.0025144252785015368,0.049595441918203205,0.004952225447660451,0.925,40,0.0,0.0,0.120000000000005,0.11483823715140117,40,-0.0028536314623422003,0.049595441918203205
poisson_log,many_small,glmmML_GHQ20,tau2,0.5,40,40,40,40,1.0,0.0,-0.023893622940104928,0.017370598718304157,0.012069507993294001,0.11107959088268897,0.01081265454843487,,0,0.0,0.0,0.120000000000005,0.11483823715140117,40,-0.023893622940104928,0.11107959088268897
poisson_log,many_small,glmmML_Laplace,beta0,0.693147180559945,40,40,40,40,1.0,0.0,0.03325280453649888,0.019299766765286434,0.014899239887778191,0.1250300279937837,0.01224832216380422,0.925,40,0.0,0.0,0.0299999999999727,0.11487291678139848,40,0.03325280453649888,0.12503002799378368
poisson_log,many_small,glmmML_Laplace,beta1,0.5,40,40,40,40,1.0,0.0,-0.0028699882478825196,0.007929075915039612,0.002514809794658451,0.04960016514423086,0.004950986413397213,0.925,40,0.0,0.0,0.0299999999999727,0.11487291678139848,40,-0.0028699882478825196,0.04960016514423086
poisson_log,many_small,glmmML_Laplace,tau2,0.5,40,40,40,40,1.0,0.0,-0.028951872217089756,0.01714039791742721,0.011751729630709718,0.11088799436736455,0.010743275449748672,,0,0.0,0.0,0.0299999999999727,0.11487291678139848,40,-0.028951872217089756,0.11088799436736453
poisson_log,many_small,lme4_AGQ9,beta0,0.693147180559945,40,40,40,40,1.0,0.0,0.03266586856450869,0.01932060183944733,0.014931426217538221,0.1250007981221461,0.012236674356803428,0.925,40,0.0,0.0,0.089999999999975,0.11483960194384865,40,0.03266586856450869,0.1250007981221461
poisson_log,many_small,lme4_AGQ9,beta1,0.5,40,40,40,40,1.0,0.0,-0.00285198038143875,0.007928240515502253,0.002514279906866057,0.049593917986891466,0.004952340882345669,0.925,40,0.0,0.0,0.089999999999975,0.11483960194384865,40,-0.00285198038143875,0.049593917986891466
poisson_log,many_small,lme4_AGQ9,tau2,0.5,40,40,40,40,1.0,0.0,-0.023905020017562128,0.01736991464898908,0.012068557396526618,0.11107787107994778,0.010814080286851808,,0,0.0,0.0,0.089999999999975,0.11483960194384865,40,-0.023905020017562128,0.11107787107994778
poisson_log,many_small,lme4_Laplace,beta0,0.693147180559945,40,40,40,40,1.0,0.0,0.03366973150062139,0.019284957384986118,0.014876383253629223,0.12505248694693133,0.012255291562688609,0.925,40,0.0,0.0,0.0600000000000307,0.11485398313109638,40,0.03366973150062139,0.12505248694693133
poisson_log,many_small,lme4_Laplace,beta1,0.5,40,40,40,40,1.0,0.0,-0.00290099848388605,0.007927614813754768,0.0025138830654105617,0.04959286018146974,0.004951045971373971,0.9,40,0.0,0.0,0.0600000000000307,0.11485398313109638,40,-0.00290099848388605,0.04959286018146974
poisson_log,many_small,lme4_Laplace,tau2,0.5,40,40,40,40,1.0,0.0,-0.029331980723372255,0.01711402950686031,0.011715600238467412,0.11082903647357947,0.0107361964137112,,0,0.0,0.0,0.0600000000000307,0.11485398313109638,40,-0.029331980723372255,0.11082903647357947
poisson_log,rich,FEL_Laplace_EM,beta0,0.693147180559945,40,40,40,40,1.0,0.0,0.01950101464679705,0.0218460159740336,0.01908993655750925,0.13781501266489843,0.013253928994387282,0.925,40,0.0,0.0,2.55000000000001,0.04328319767646418,40,0.01950101464679705,0.1378150126648984
poisson_log,rich,FEL_Laplace_EM,beta1,0.5,40,40,40,40,1.0,0.0,-0.0039167580376647994,0.004027343917906958,0.0006487799613240867,0.025453908458556936,0.0024453152180743893,0.925,40,0.0,0.0,2.55000000000001,0.04328319767646418,40,-0.0039167580376647994,0.025453908458556936
poisson_log,rich,FEL_Laplace_EM,tau2,0.5,40,40,40,40,1.0,0.0,-0.031258842996160954,0.015940740612702474,0.010164288451258479,0.10434220864748675,0.011217613569356327,,0,0.0,0.0,2.55000000000001,0.04328319767646418,40,-0.031258842996160954,0.10434220864748675
poisson_log,rich,FEL_MSPL,beta0,0.693147180559945,40,40,40,40,1.0,0.0,0.01947309032659922,0.02184537251284584,0.019088812009000027,0.13780708601390176,0.013251430946532415,0.925,40,0.0,0.0,0.05000000000000785,0.04328171746165576,40,0.01947309032659922,0.13780708601390176
poisson_log,rich,FEL_MSPL,beta1,0.5,40,40,40,40,1.0,0.0,-0.003916790191485301,0.00402734299956265,0.0006487796654450515,0.025453907739540517,0.0024453145337143224,0.925,40,0.0,0.0,0.05000000000000785,0.04328171746165576,40,-0.003916790191485301,0.02545390773954052
poisson_log,rich,FEL_MSPL,tau2,0.5,40,40,40,40,1.0,0.0,-0.0312574146870942,0.015940813279226484,0.010164381120126536,0.10434221372505159,0.011217588915033045,,0,0.0,0.0,0.05000000000000785,0.04328171746165576,40,-0.0312574146870942,0.10434221372505159
poisson_log,rich,FEL_RSPL,beta0,0.693147180559945,40,40,40,40,1.0,0.0,0.018667275212586917,0.02186011921273954,0.019114592479807374,0.1377867730650321,0.013202858364349769,0.925,40,0.0,0.0,0.0549999999999784,0.04322888412448097,40,0.018667275212586917,0.1377867730650321
poisson_log,rich,FEL_RSPL,beta1,0.5,40,40,40,40,1.0,0.0,-0.003912590795765049,0.004026375550463728,0.0006484680029348835,0.02544729198945571,0.002443590660165356,0.925,40,0.0,0.0,0.0549999999999784,0.04322888412448097,40,-0.003912590795765049,0.02544729198945571
poisson_log,rich,FEL_RSPL,tau2,0.5,40,40,40,40,1.0,0.0,-0.013591829045308826,0.01651886564260252,0.01091491688473416,0.10405182256651109,0.010865929257657243,,0,0.0,0.0,0.0549999999999784,0.04322888412448097,40,-0.013591829045308826,0.10405182256651108
poisson_log,rich,FEL_full,beta0,0.693147180559945,40,40,40,40,1.0,0.0,0.006650106739399017,0.02210790573320545,0.019550379836331934,0.1382238917845574,0.012629148344368872,0.95,40,0.0,0.0,5.180000000000005,0.04318131818238612,40,0.006650106739399017,0.13822389178455738
poisson_log,rich,FEL_full,beta1,0.5,40,40,40,40,1.0,0.0,-0.003902968042119398,0.0040273403755994395,0.0006487788200373374,0.02545176828973204,0.002444857285831185,0.925,40,0.0,0.0,5.180000000000005,0.04318131818238612,40,-0.003902968042119398,0.025451768289732037
poisson_log,rich,FEL_full,tau2,0.5,40,40,40,40,1.0,0.0,-0.020318886713181245,0.01641239031242685,0.010774662230697708,0.10448996522247177,0.011010285228671602,,0,0.0,0.0,5.180000000000005,0.04318131818238612,40,-0.020318886713181245,0.10448996522247177
poisson_log,rich,FEL_mean,beta0,0.693147180559945,40,40,40,40,1.0,0.0,0.0066696063656807945,0.022106938494152368,0.01954866918336943,0.13821879793594763,0.012629790172933147,0.95,40,0.0,0.0,5.0049999999999955,0.04318206521552755,40,0.0066696063656807945,0.13821879793594763
poisson_log,rich,FEL_mean,beta1,0.5,40,40,40,40,1.0,0.0,-0.003903049548163852,0.004027364379590771,0.0006487865538398625,0.02545192892040381,0.002444909756556657,0.925,40,0.0,0.0,5.0049999999999955,0.04318206521552755,40,-0.003903049548163852,0.025451928920403807
poisson_log,rich,FEL_mean,tau2,0.5,40,40,40,40,1.0,0.0,-0.0207059251805226,0.016400675426822827,0.010759286178239605,0.10449420731009454,0.01102016215524051,,0,0.0,0.0,5.0049999999999955,0.04318206521552755,40,-0.0207059251805226,0.10449420731009453
poisson_log,rich,MASS_PQL,beta0,0.693147180559945,40,40,40,40,1.0,0.0,0.019473308315078222,0.021845375240925592,0.019088816776673793,0.1378071336832424,0.013251468646811366,0.925,40,0.0,0.0,0.0600000000000023,0.04328173502557423,40,0.019473308315078222,0.1378071336832424
poisson_log,rich,MASS_PQL,beta1,0.5,40,40,40,40,1.0,0.0,-0.00391679456865507,0.004027343970841498,0.0006487799783789349,0.02545391440648191,0.0024453163048027736,0.925,40,0.0,0.0,0.0600000000000023,0.04328173502557423,40,-0.00391679456865507,0.025453914406481908
poisson_log,rich,MASS_PQL,tau2,0.5,40,40,40,40,1.0,0.0,-0.0312598325,0.01594065658866298,0.010164181299107379,0.10434200445917144,0.01121821940721458,,0,0.0,0.0,0.0600000000000023,0.04328173502557423,40,-0.0312598325,0.10434200445917143
poisson_log,rich,glmmML_GHQ20,beta0,0.693147180559945,40,40,40,40,1.0,0.0,0.006588571230223444,0.02210818910550833,0.019550881020996693,0.13822271255595986,0.012625782963234907,0.95,40,0.0,0.0,0.299999999999969,0.04358082243651012,40,0.006588571230223444,0.13822271255595986
poisson_log,rich,glmmML_GHQ20,beta1,0.5,40,40,40,40,1.0,0.0,-0.0039022653900019034,0.0040272635260238,0.0006487540603216659,0.02545118629823826,0.002444916240806386,0.925,40,0.0,0.0,0.299999999999969,0.04358082243651012,40,-0.0039022653900019034,0.02545118629823826
poisson_log,rich,glmmML_GHQ20,tau2,0.5,40,40,40,40,1.0,0.0,-0.020291075728931653,0.016415221747417125,0.010778380200675047,0.10450190644143967,0.011011067408590244,,0,0.0,0.0,0.299999999999969,0.04358082243651012,40,-0.020291075728931653,0.10450190644143965
poisson_log,rich,glmmML_Laplace,beta0,0.693147180559945,40,40,40,40,1.0,0.0,0.00664957151491298,0.022106163896532176,0.019547299288813706,0.13821300086433733,0.012628289897713101,0.95,40,0.0,0.0,0.0600000000000023,0.04358141998438843,40,0.00664957151491298,0.1382130008643373
poisson_log,rich,glmmML_Laplace,beta1,0.5,40,40,40,40,1.0,0.0,-0.0039013672327047693,0.00402705798375884,0.0006486878401822325,0.02544978016530004,0.0024446263886620523,0.925,40,0.0,0.0,0.0600000000000023,0.04358141998438843,40,-0.0039013672327047693,0.025449780165300036
poisson_log,rich,glmmML_Laplace,tau2,0.5,40,40,40,40,1.0,0.0,-0.020922082762577142,0.016395674337926058,0.010752725479813083,0.1045066547639043,0.011029887040410394,,0,0.0,0.0,0.0600000000000023,0.04358141998438843,40,-0.020922082762577142,0.10450665476390429
poisson_log,rich,lme4_AGQ9,beta0,0.693147180559945,40,40,40,40,1.0,0.0,0.006591237658179145,0.022107786962091265,0.0195501697744485,0.13822033115267046,0.01262560578379879,0.95,40,0.0,0.0,0.210000000000008,0.043580235390359164,40,0.006591237658179145,0.13822033115267046
poisson_log,rich,lme4_AGQ9,beta1,0.5,40,40,40,40,1.0,0.0,-0.003902993821223452,0.00402733941100092,0.0006487785092560497,0.025451766290243136,0.0024448585559839536,0.925,40,0.0,0.0,0.210000000000008,0.043580235390359164,40,-0.003902993821223452,0.025451766290243132
poisson_log,rich,lme4_AGQ9,tau2,0.5,40,40,40,40,1.0,0.0,-0.0202917784981313,0.016414886153306628,0.01077793949704071,0.10449998700589352,0.011010641345782132,,0,0.0,0.0,0.210000000000008,0.043580235390359164,40,-0.0202917784981313,0.10449998700589351
poisson_log,rich,lme4_Laplace,beta0,0.693147180559945,40,40,40,40,1.0,0.0,0.006663174319666098,0.022105165830026995,0.019545534254919717,0.13820743030156152,0.012628359125243249,0.95,40,0.0,0.0,0.1400000000000005,0.04358001900164383,40,0.006663174319666098,0.13820743030156152
poisson_log,rich,lme4_Laplace,beta1,0.5,40,40,40,40,1.0,0.0,-0.0039032416097500287,0.00402737395977917,0.0006487896404762942,0.025452017494266947,0.0024449339326171916,0.925,40,0.0,0.0,0.1400000000000005,0.04358001900164383,40,-0.0039032416097500287,0.02545201749426695
poisson_log,rich,lme4_Laplace,tau2,0.5,40,40,40,40,1.0,0.0,-0.0209361867547897,0.01639388739722045,0.010750381759709741,0.10449854607384941,0.011026432427228332,,0,0.0,0.0,0.1400000000000005,0.04358001900164383,40,-0.0209361867547897,0.10449854607384941
poisson_log,small,FEL_Laplace_EM,beta0,0.693147180559945,40,40,40,40,1.0,0.0,0.047955209815661565,0.018589732812435034,0.013823126641508952,0.12560752614368037,0.012873885205378582,0.95,40,0.0,0.0,0.515000000000015,0.11094461803758317,40,0.047955209815661565,0.12560752614368037
poisson_log,small,FEL_Laplace_EM,beta1,0.5,40,40,40,40,1.0,0.0,-0.009833969832885125,0.010137691603666793,0.004110911642042248,0.06406907064774146,0.005761227194352329,1,40,0.0,0.0,0.515000000000015,0.11094461803758317,40,-0.009833969832885125,0.06406907064774146
poisson_log,small,FEL_Laplace_EM,tau2,0.5,40,40,40,40,1.0,0.0,-0.046779630590757425,0.02311270522681795,0.021367885716071112,0.15173009724961314,0.01373694573792692,,0,0.0,0.0,0.515000000000015,0.11094461803758317,40,-0.046779630590757425,0.15173009724961314
poisson_log,small,FEL_MSPL,beta0,0.693147180559945,40,40,40,40,1.0,0.0,0.04794966566647835,0.018589745425886248,0.013823145399970344,0.12560548237436986,0.012873775669592719,0.95,40,0.0,0.0,0.0749999999999886,0.1109445199888059,40,0.04794966566647835,0.12560548237436986
poisson_log,small,FEL_MSPL,beta1,0.5,40,40,40,40,1.0,0.0,-0.00983409731524968,0.010137690089756023,0.004110910414237499,0.06406908087281542,0.0057612315587965025,1,40,0.0,0.0,0.0749999999999886,0.1109445199888059,40,-0.00983409731524968,0.06406908087281542
poisson_log,small,FEL_MSPL,tau2,0.5,40,40,40,40,1.0,0.0,-0.04677821407452821,0.02311278498510436,0.021368033190706622,0.15173013436012422,0.013736983853428109,,0,0.0,0.0,0.0749999999999886,0.1109445199888059,40,-0.04677821407452821,0.1517301343601242
poisson_log,small,FEL_RSPL,beta0,0.693147180559945,40,40,40,40,1.0,0.0,0.04473776015508112,0.018637862306202922,0.01389479645379919,0.12469520330047894,0.012756689195706791,0.95,40,0.0,0.0,0.0799999999999983,0.11064440204020042,40,0.04473776015508112,0.12469520330047894
poisson_log,small,FEL_RSPL,beta1,0.5,40,40,40,40,1.0,0.0,-0.009755222175306177,0.010147730850434675,0.0041190576565145465,0.0641189954287438,0.005772385491624446,1,40,0.0,0.0,0.0799999999999983,0.11064440204020042,40,-0.009755222175306177,0.06411899542874379
poisson_log,small,FEL_RSPL,tau2,0.5,40,40,40,40,1.0,0.0,-0.024453990682952797,0.023953523530317263,0.02295085158069851,0.15157532105030486,0.014523661913139242,,0,0.0,0.0,0.0799999999999983,0.11064440204020042,40,-0.024453990682952797,0.15157532105030486
poisson_log,small,FEL_full,beta0,0.693147180559945,40,40,40,40,1.0,0.0,-0.004016681960421227,0.019502350807099084,0.015213667480126331,0.12185835846216847,0.012082555742372405,0.975,40,0.0,0.0,1.704999999999985,0.11140920489607682,40,-0.004016681960421227,0.12185835846216846
poisson_log,small,FEL_full,beta1,0.5,40,40,40,40,1.0,0.0,-0.00885546716708318,0.010176307433003276,0.00414228931883991,0.06416503241342748,0.005793900534357168,1,40,0.0,0.0,1.704999999999985,0.11140920489607682,40,-0.00885546716708318,0.06416503241342748
poisson_log,small,FEL_full,tau2,0.5,40,40,40,40,1.0,0.0,-0.009009139736373153,0.025502488627466804,0.026015077047762947,0.15951760003322007,0.01579424517107483,,0,0.0,0.0,1.704999999999985,0.11140920489607682,40,-0.009009139736373153,0.15951760003322007
poisson_log,small,FEL_mean,beta0,0.693147180559945,40,40,40,40,1.0,0.0,-0.0034740273485145802,0.0194849676625452,0.015186558592417288,0.12173316513434243,0.012072412814631043,0.975,40,0.0,0.0,1.27000000000001,0.11137807382881114,40,-0.0034740273485145802,0.12173316513434242
poisson_log,small,FEL_mean,beta1,0.5,40,40,40,40,1.0,0.0,-0.00886370438730118,0.010174777947970655,0.004141044251620397,0.06415670970986082,0.00579193775243841,1,40,0.0,0.0,1.27000000000001,0.11137807382881114,40,-0.00886370438730118,0.06415670970986082
poisson_log,small,FEL_mean,tau2,0.5,40,40,40,40,1.0,0.0,-0.012332362819530256,0.02530311691593558,0.025609909026460216,0.1584984178896157,0.015549487058351113,,0,0.0,0.0,1.27000000000001,0.11137807382881114,40,-0.012332362819530256,0.1584984178896157
poisson_log,small,MASS_PQL,beta0,0.693147180559945,40,40,40,40,1.0,0.0,0.04795072944056248,0.018589739558400632,0.013823136673966611,0.1256058546047893,0.012874041333055914,0.95,40,0.0,0.0,0.0499999999999545,0.11094497201303231,40,0.04795072944056248,0.1256058546047893
poisson_log,small,MASS_PQL,beta1,0.5,40,40,40,40,1.0,0.0,-0.009834119214737801,0.01013770605366649,0.004110923361221847,0.06406918274740966,0.005761260832744367,1,40,0.0,0.0,0.0499999999999545,0.11094497201303231,40,-0.009834119214737801,0.06406918274740966
poisson_log,small,MASS_PQL,tau2,0.5,40,40,40,40,1.0,0.0,-0.046783504999999996,0.023113676398266215,0.021369681465750745,0.1517370612908791,0.013737212472252657,,0,0.0,0.0,0.0499999999999545,0.11094497201303231,40,-0.046783504999999996,0.15173706129087908
poisson_log,small,glmmML_GHQ20,beta0,0.693147180559945,40,40,40,40,1.0,0.0,-0.0036158354122898693,0.019484900657276205,0.015186454144956906,0.12173687632374076,0.012073315161055757,0.975,40,0.0,0.0,0.0699999999999932,0.1125406980807015,40,-0.0036158354122898693,0.12173687632374075
poisson_log,small,glmmML_GHQ20,beta1,0.5,40,40,40,40,1.0,0.0,-0.008875272464826004,0.01017546200193252,0.004141601078110903,0.06416253979140031,0.005792165469359185,1,40,0.0,0.0,0.0699999999999932,0.1125406980807015,40,-0.008875272464826004,0.06416253979140031
poisson_log,small,glmmML_GHQ20,tau2,0.5,40,40,40,40,1.0,0.0,-0.009777431727794123,0.02545804490140729,0.02592448200808279,0.15928580642691423,0.0157550616280279,,0,0.0,0.0,0.0699999999999932,0.1125406980807015,40,-0.009777431727794123,0.15928580642691426
poisson_log,small,glmmML_Laplace,beta0,0.693147180559945,40,40,40,40,1.0,0.0,-0.003019006025103553,0.019469297453157643,0.015162141732781227,0.12162319921314892,0.012064618257063866,0.975,40,0.0,0.0,0.01000000000007615,0.11255345848472972,40,-0.003019006025103553,0.12162319921314892
poisson_log,small,glmmML_Laplace,beta1,0.5,40,40,40,40,1.0,0.0,-0.008870336581784048,0.010172488537071945,0.004139180921474404,0.06414346630415042,0.005789536632602567,1,40,0.0,0.0,0.01000000000007615,0.11255345848472972,40,-0.008870336581784048,0.06414346630415042
poisson_log,small,glmmML_Laplace,tau2,0.5,40,40,40,40,1.0,0.0,-0.015028610950384701,0.025186811589165654,0.02537501912112517,0.1580079200236338,0.015392861673620984,,0,0.0,0.0,0.01000000000007615,0.11255345848472972,40,-0.015028610950384701,0.1580079200236338
poisson_log,small,lme4_AGQ9,beta0,0.693147180559945,40,40,40,40,1.0,0.0,-0.003618409701628811,0.01948495024583846,0.01518653144331201,0.12173726235626482,0.012073180415018165,0.975,40,0.0,0.0,0.0599999999999454,0.11254107629910294,40,-0.003618409701628811,0.12173726235626481
poisson_log,small,lme4_AGQ9,beta1,0.5,40,40,40,40,1.0,0.0,-0.008875528046486891,0.01017527917572152,0.00414145225215488,0.06416144437241873,0.005792401094550815,1,40,0.0,0.0,0.0599999999999454,0.11254107629910294,40,-0.008875528046486891,0.06416144437241872
poisson_log,small,lme4_AGQ9,tau2,0.5,40,40,40,40,1.0,0.0,-0.00978452408439125,0.025457714192584215,0.025923808476452155,0.1592841805582051,0.01575450210007902,,0,0.0,0.0,0.0599999999999454,0.11254107629910294,40,-0.00978452408439125,0.1592841805582051
poisson_log,small,lme4_Laplace,beta0,0.693147180559945,40,40,40,40,1.0,0.0,-0.0025758562879429707,0.019453986112872284,0.01513830302719311,0.1215174081649597,0.012057094306356195,0.975,40,0.0,0.0,0.0499999999999545,0.11251944304744055,40,-0.0025758562879429707,0.1215174081649597
poisson_log,small,lme4_Laplace,beta1,0.5,40,40,40,40,1.0,0.0,-0.00890391061152693,0.010172237991100933,0.004138977029903886,0.0641465683285891,0.0057885302711422285,1,40,0.0,0.0,0.0499999999999545,0.11251944304744055,40,-0.00890391061152693,0.0641465683285891
poisson_log,small,lme4_Laplace,tau2,0.5,40,40,40,40,1.0,0.0,-0.015422891833235525,0.025161605265536027,0.025324255181546015,0.15788924724156186,0.015369835157328314,,0,0.0,0.0,0.0499999999999545,0.11251944304744055,40,-0.015422891833235525,0.15788924724156184
poisson_log,unbalanced,FEL_Laplace_EM,beta0,0.693147180559945,40,40,40,40,1.0,0.0,0.015247468551426408,0.021271988233038,0.018099899335460284,0.13371569522423504,0.016307725027272638,0.9,40,0.0,0.0,1.6250000000000049,0.07522720851845911,40,0.015247468551426408,0.13371569522423501
poisson_log,unbalanced,FEL_Laplace_EM,beta1,0.5,40,40,40,40,1.0,0.0,-0.002640434422920973,0.004805903896295262,0.0009238684904170393,0.030128784776329087,0.005054771754141215,0.95,40,0.0,0.0,1.6250000000000049,0.07522720851845911,40,-0.002640434422920973,0.030128784776329083
poisson_log,unbalanced,FEL_Laplace_EM,tau2,0.5,40,40,40,40,1.0,0.0,-0.06399325936585436,0.024077429585770565,0.02318890461830959,0.16341456253075293,0.016734754764421697,,0,0.0,0.0,1.6250000000000049,0.07522720851845911,40,-0.06399325936585436,0.16341456253075293
poisson_log,unbalanced,FEL_MSPL,beta0,0.693147180559945,40,40,40,40,1.0,0.0,0.015228257844170442,0.021271839382104904,0.018099646027922765,0.13371258248270143,0.0163056381101325,0.9,40,0.0,0.0,0.05999999999999165,0.0752271217896536,40,0.015228257844170442,0.13371258248270143
poisson_log,unbalanced,FEL_MSPL,beta1,0.5,40,40,40,40,1.0,0.0,-0.0026404955576654287,0.0048059056260738925,0.0009238691554691477,0.030128800895031813,0.005054774716865049,0.95,40,0.0,0.0,0.05999999999999165,0.0752271217896536,40,-0.0026404955576654287,0.030128800895031813
poisson_log,unbalanced,FEL_MSPL,tau2,0.5,40,40,40,40,1.0,0.0,-0.06399100762439404,0.0240776254245204,0.023189281843340445,0.16341480610410486,0.016734798295924877,,0,0.0,0.0,0.05999999999999165,0.0752271217896536,40,-0.06399100762439404,0.16341480610410483
poisson_log,unbalanced,FEL_RSPL,beta0,0.693147180559945,40,40,40,40,1.0,0.0,0.013552900135801915,0.021296267562924874,0.018141240484467445,0.13368392040349047,0.016218593585515056,0.925,40,0.0,0.0,0.0600000000000023,0.07502256930952363,40,0.013552900135801915,0.13368392040349047
poisson_log,unbalanced,FEL_RSPL,beta1,0.5,40,40,40,40,1.0,0.0,-0.0026133553698601485,0.004808015771349967,0.0009246806263020008,0.030139562653323747,0.005067084684498021,0.95,40,0.0,0.0,0.0600000000000023,0.07502256930952363,40,-0.0026133553698601485,0.030139562653323744
poisson_log,unbalanced,FEL_RSPL,tau2,0.5,40,40,40,40,1.0,0.0,-0.04541444306664852,0.025020679235624666,0.02504137557648077,0.16272004432805018,0.016935662237783658,,0,0.0,0.0,0.0600000000000023,0.07502256930952363,40,-0.04541444306664852,0.16272004432805015
poisson_log,unbalanced,FEL_full,beta0,0.693147180559945,40,40,40,40,1.0,0.0,-0.012120846954202354,0.021804787572869966,0.019017950443919383,0.13670924114231853,0.014827048356769372,0.95,40,0.0,0.0,4.105000000000005,0.07505767056791278,40,-0.012120846954202354,0.13670924114231853
poisson_log,unbalanced,FEL_full,beta1,0.5,40,40,40,40,1.0,0.0,-0.0024823632548827993,0.004808790083491682,0.0009249784826835175,0.030133306289646045,0.005062641851633436,0.95,40,0.0,0.0,4.105000000000005,0.07505767056791278,40,-0.0024823632548827993,0.030133306289646042
poisson_log,unbalanced,FEL_full,tau2,0.5,40,40,40,40,1.0,0.0,-0.04496455133025158,0.025712000256116693,0.026444278286821797,0.1667482599788738,0.017469339678842795,,0,0.0,0.0,4.105000000000005,0.07505767056791278,40,-0.04496455133025158,0.16674825997887377
poisson_log,unbalanced,FEL_mean,beta0,0.693147180559945,40,40,40,40,1.0,0.0,-0.0119853662264932,0.02179932468925997,0.019008422276311172,0.13666331154697867,0.014833235304775922,0.95,40,0.0,0.0,3.5749999999999797,0.0750503062626605,40,-0.0119853662264932,0.13666331154697867
poisson_log,unbalanced,FEL_mean,beta1,0.5,40,40,40,40,1.0,0.0,-0.0024839966857405278,0.004808622928184381,0.0009249141786184214,0.030132400562977564,0.00506179084681568,0.95,40,0.0,0.0,3.5749999999999797,0.0750503062626605,40,-0.0024839966857405278,0.030132400562977564
poisson_log,unbalanced,FEL_mean,tau2,0.5,40,40,40,40,1.0,0.0,-0.046298552751574296,0.025607993637106058,0.026230773524722573,0.1664889190711947,0.017407552720184974,,0,0.0,0.0,3.5749999999999797,0.0750503062626605,40,-0.046298552751574296,0.16648891907119467
poisson_log,unbalanced,MASS_PQL,beta0,0.693147180559945,40,40,40,40,1.0,0.0,0.015228878806852628,0.021271817153852825,0.018099608201077894,0.13371251529219227,0.016305655320842674,0.9,40,0.0,0.0,0.0500000000000114,0.07522706577562777,40,0.015228878806852628,0.13371251529219225
poisson_log,unbalanced,MASS_PQL,beta1,0.5,40,40,40,40,1.0,0.0,-0.002640504742599699,0.004805904825339414,0.0009238688476088263,0.03012879671865933,0.005054774835845427,0.95,40,0.0,0.0,0.0500000000000114,0.07522706577562777,40,-0.002640504742599699,0.03012879671865933
poisson_log,unbalanced,MASS_PQL,tau2,0.5,40,40,40,40,1.0,0.0,-0.06399577,0.024076876636986294,0.02318783954370626,0.16341236835994546,0.016735037377274675,,0,0.0,0.0,0.0500000000000114,0.07522706577562777,40,-0.06399577,0.16341236835994546
poisson_log,unbalanced,glmmML_GHQ20,beta0,0.693147180559945,40,40,40,40,1.0,0.0,-0.012035709586154273,0.021792628659712213,0.018996746556004404,0.13662608168774562,0.014832294761463397,0.95,40,0.0,0.0,0.2199999999999565,0.07668666187079017,40,-0.012035709586154273,0.13662608168774562
poisson_log,unbalanced,glmmML_GHQ20,beta1,0.5,40,40,40,40,1.0,0.0,-0.0024866657846050037,0.004809177848286075,0.000925127663057819,0.030136074366209326,0.005062351079908258,0.95,40,0.0,0.0,0.2199999999999565,0.07668666187079017,40,-0.0024866657846050037,0.030136074366209322
poisson_log,unbalanced,glmmML_GHQ20,tau2,0.5,40,40,40,40,1.0,0.0,-0.0452005579266705,0.02568231582845415,0.02638325385249866,0.1666336188860714,0.017441166109820636,,0,0.0,0.0,0.2199999999999565,0.07668666187079017,40,-0.0452005579266705,0.1666336188860714
poisson_log,unbalanced,glmmML_Laplace,beta0,0.693147180559945,40,40,40,40,1.0,0.0,-0.011873747496227202,0.021791178798197072,0.018994218936599742,0.1366028892183065,0.014835066412890691,0.95,40,0.0,0.0,0.035000000000025,0.07670448007338894,40,-0.011873747496227202,0.13660288921830646
poisson_log,unbalanced,glmmML_Laplace,beta1,0.5,40,40,40,40,1.0,0.0,-0.0024857981951353497,0.004808462418357324,0.0009248524331501906,0.030131550159067058,0.005061537283477753,0.95,40,0.0,0.0,0.035000000000025,0.07670448007338894,40,-0.0024857981951353497,0.030131550159067055
poisson_log,unbalanced,glmmML_Laplace,tau2,0.5,40,40,40,40,1.0,0.0,-0.04737613827939305,0.02553779051064361,0.026087149766620746,0.16637148043076191,0.017361075763102495,,0,0.0,0.0,0.035000000000025,0.07670448007338894,40,-0.04737613827939305,0.16637148043076191
poisson_log,unbalanced,lme4_AGQ9,beta0,0.693147180559945,40,40,40,40,1.0,0.0,-0.012010584530727831,0.021797825329398706,0.019005807563639034,0.13665619823234443,0.014830097627668737,0.95,40,0.0,0.0,0.16000000000001102,0.07669746573593578,40,-0.012010584530727831,0.13665619823234443
poisson_log,unbalanced,lme4_AGQ9,beta1,0.5,40,40,40,40,1.0,0.0,-0.0024846570954694725,0.004808666893122014,0.0009249310915603091,0.0301327286377017,0.00506239710426242,0.95,40,0.0,0.0,0.16000000000001102,0.07669746573593578,40,-0.0024846570954694725,0.030132728637701698
poisson_log,unbalanced,lme4_AGQ9,tau2,0.5,40,40,40,40,1.0,0.0,-0.04522738153745133,0.025681491010831926,0.026381559221577644,0.16663593934614584,0.017440910346218173,,0,0.0,0.0,0.16000000000001102,0.07669746573593578,40,-0.04522738153745133,0.16663593934614582
poisson_log,unbalanced,lme4_Laplace,beta0,0.693147180559945,40,40,40,40,1.0,0.0,-0.01177786718231437,0.021790408749707193,0.01899287653917263,0.13658979749987754,0.014840041053820176,0.95,40,0.0,0.0,0.0999999999999801,0.07669939306487478,40,-0.01177786718231437,0.13658979749987754
poisson_log,unbalanced,lme4_Laplace,beta1,0.5,40,40,40,40,1.0,0.0,-0.002487393048284199,0.004808436382013992,0.0009248424175950323,0.030131519731533773,0.00506101981731781,0.95,40,0.0,0.0,0.0999999999999801,0.07669939306487478,40,-0.002487393048284199,0.030131519731533773
poisson_log,unbalanced,lme4_Laplace,tau2,0.5,40,40,40,40,1.0,0.0,-0.047477995607497055,0.025527195542782825,0.026065508491178856,0.16633710002824054,0.017354200053842226,,0,0.0,0.0,0.0999999999999801,0.07669939306487478,40,-0.047477995607497055,0.16633710002824054
